Sequence Length,Num Iters,Std,Init Sol Type,Min Fidelity,I,X,Y,Z,H,R_X_PI/4
32,1000,0.03125,noiseless_ideal,0.9979658126831055,0.9979658126831055,0.9987348318099976,0.9996594786643982,0.9991020560264587,0.9985543489456177,0.998471200466156
32,500,0.03125,noiseless_ideal,0.9979057312011719,0.9982675313949585,0.9982120990753174,0.9993963837623596,0.9990935325622559,0.9986627101898193,0.9979057312011719
8,1000,0.03125,noiseless_ideal,0.9973469972610474,0.998736560344696,0.9982452392578125,0.9973910450935364,0.9984618425369263,0.9974876046180725,0.9973469972610474
16,500,0.03125,noiseless_ideal,0.9967314004898071,0.9971859455108643,0.9974247217178345,0.9967314004898071,0.9975807666778564,0.9968000650405884,0.9976446032524109
16,1000,0.03125,uniform_distro,0.9964392781257629,0.9971785545349121,0.997877299785614,0.9984232187271118,0.9982478618621826,0.9976130723953247,0.9964392781257629
8,500,0.03125,uniform_distro,0.9962676763534546,0.9981961250305176,0.9970594048500061,0.9979408979415894,0.9965769052505493,0.9962676763534546,0.9973516464233398
32,500,0.0625,noiseless_ideal,0.9958176612854004,0.9958176612854004,0.9979223608970642,0.9995220899581909,0.9990985989570618,0.9985259771347046,0.9974337816238403
32,125,0.03125,noiseless_ideal,0.9958062171936035,0.9958062171936035,0.9979606866836548,0.9996016621589661,0.9990642666816711,0.998583972454071,0.9962741136550903
32,250,0.03125,noiseless_ideal,0.9957692623138428,0.9957692623138428,0.9983924031257629,0.9958876371383667,0.999055802822113,0.9985314607620239,0.997724711894989
32,500,0.03125,uniform_distro,0.9957582950592041,0.9971894025802612,0.9979063272476196,0.9960861206054688,0.9982757568359375,0.9957582950592041,0.9977805614471436
4,1000,0.03125,noiseless_ideal,0.9955989122390747,0.9965277910232544,0.9976998567581177,0.9955989122390747,0.9971061944961548,0.9962692260742188,0.998555064201355
32,1000,0.0625,noiseless_ideal,0.9955825805664062,0.9976356029510498,0.9980611801147461,0.9989030361175537,0.9991286993026733,0.9985966682434082,0.9955825805664062
16,1000,0.03125,normal_distro,0.9954122304916382,0.9975535869598389,0.9967259764671326,0.9954122304916382,0.9971029758453369,0.9984581470489502,0.9961732625961304
16,250,0.03125,uniform_distro,0.995290994644165,0.995290994644165,0.9959089159965515,0.9968061447143555,0.9959703087806702,0.9957050681114197,0.9954537153244019
64,1000,0.0625,uniform_distro,0.995239794254303,0.9970847964286804,0.9956466555595398,0.9967808127403259,0.9981489181518555,0.9969562888145447,0.995239794254303
64,1000,0.03125,uniform_distro,0.9951688051223755,0.9964793920516968,0.9951688051223755,0.9964861869812012,0.9970304369926453,0.9970370531082153,0.9952797293663025
16,1000,0.03125,noiseless_ideal,0.9948772192001343,0.9985476136207581,0.9973418116569519,0.9966596961021423,0.9948772192001343,0.9976072311401367,0.9950746297836304
32,1000,0.03125,uniform_distro,0.9946168065071106,0.9988183379173279,0.9979864358901978,0.9946168065071106,0.9986017942428589,0.9973775148391724,0.9984700679779053
64,250,0.125,noiseless_ideal,0.9945414066314697,0.9947645664215088,0.9958107471466064,0.9947439432144165,0.9945414066314697,0.9953241348266602,0.9966045618057251
64,1000,0.125,noiseless_ideal,0.9945244193077087,0.9946668148040771,0.9971874356269836,0.9945244193077087,0.9945632815361023,0.9954301118850708,0.9966431856155396
64,500,0.03125,noiseless_ideal,0.9944654107093811,0.9975908398628235,0.9968003630638123,0.9944654107093811,0.9955688714981079,0.9963098168373108,0.9965997934341431
64,1000,0.03125,noiseless_ideal,0.9944642782211304,0.9980683922767639,0.9964724183082581,0.9944642782211304,0.9947307109832764,0.9955549240112305,0.9965251684188843
64,500,0.25,noiseless_ideal,0.9944405555725098,0.9946921467781067,0.9958817958831787,0.9946894645690918,0.9944405555725098,0.9952802658081055,0.9964931011199951
64,125,0.125,noiseless_ideal,0.9944310188293457,0.9947491884231567,0.9960078597068787,0.9944310188293457,0.9946474432945251,0.9953067302703857,0.9966046214103699
64,500,0.125,noiseless_ideal,0.9944279789924622,0.9947652816772461,0.9959256649017334,0.9946684241294861,0.9944279789924622,0.9955722093582153,0.9966523051261902
32,250,0.25,noiseless_ideal,0.9944258332252502,0.9958111047744751,0.9979041218757629,0.9944258332252502,0.9990963935852051,0.9985856413841248,0.9954947233200073
64,125,0.03125,noiseless_ideal,0.9944126009941101,0.9957184791564941,0.9959423542022705,0.9944705963134766,0.9944126009941101,0.9956083297729492,0.9966151714324951
8,125,0.03125,noiseless_ideal,0.9944015741348267,0.9952255487442017,0.9970595836639404,0.997897744178772,0.9984776973724365,0.9958074688911438,0.9944015741348267
32,250,0.125,noiseless_ideal,0.9943934679031372,0.9958630800247192,0.9979044198989868,0.9943934679031372,0.9990809559822083,0.9985380172729492,0.995441734790802
64,250,0.0625,noiseless_ideal,0.9943861365318298,0.9963971972465515,0.9958415031433105,0.9946132898330688,0.9943861365318298,0.9951986074447632,0.9965204000473022
64,125,0.25,noiseless_ideal,0.9943854808807373,0.9947001934051514,0.9957782030105591,0.9947125911712646,0.9943854808807373,0.9954627156257629,0.9965018033981323
32,125,0.125,noiseless_ideal,0.9943666458129883,0.9958526492118835,0.9979385137557983,0.9943666458129883,0.9990832805633545,0.9985365271568298,0.9955393671989441
64,125,0.0625,noiseless_ideal,0.9943473935127258,0.9947400689125061,0.9958666563034058,0.9943473935127258,0.9945500493049622,0.9957170486450195,0.9965637922286987
64,500,0.0625,noiseless_ideal,0.9943466186523438,0.9948428273200989,0.9958721995353699,0.994515597820282,0.9943466186523438,0.9953505992889404,0.9965747594833374
32,1000,0.25,noiseless_ideal,0.994345486164093,0.9958263635635376,0.997905969619751,0.994345486164093,0.9990918636322021,0.998503565788269,0.9955003261566162
32,500,0.125,noiseless_ideal,0.9943386912345886,0.9958319664001465,0.9969638586044312,0.9943386912345886,0.9990770220756531,0.9984859228134155,0.9955866932868958
64,250,0.25,noiseless_ideal,0.9943341016769409,0.9946770668029785,0.9957872629165649,0.9946146607398987,0.9943341016769409,0.9954409003257751,0.9965246915817261
32,250,0.0625,noiseless_ideal,0.9943302869796753,0.9958009123802185,0.9978875517845154,0.9943302869796753,0.9990831017494202,0.9986110925674438,0.9955583810806274
64,1000,0.25,noiseless_ideal,0.9943212866783142,0.9946006536483765,0.9958245754241943,0.9945006370544434,0.9943212866783142,0.9953207969665527,0.9967046976089478
32,1000,0.125,noiseless_ideal,0.994303822517395,0.9959321618080139,0.9979420304298401,0.994303822517395,0.9991250038146973,0.9985789060592651,0.9955168962478638
32,125,0.25,noiseless_ideal,0.9942901730537415,0.9957930445671082,0.9978969097137451,0.9942901730537415,0.9990618824958801,0.9986282587051392,0.9955334663391113
32,500,0.25,noiseless_ideal,0.994287371635437,0.9958034753799438,0.9979469776153564,0.994287371635437,0.9991025924682617,0.9985548257827759,0.9955471754074097
32,125,0.0625,noiseless_ideal,0.9942822456359863,0.9958741664886475,0.9978808164596558,0.9942822456359863,0.9991009831428528,0.9986165761947632,0.9955685138702393
64,250,0.03125,noiseless_ideal,0.9942706823348999,0.9972894191741943,0.9956299066543579,0.9961590766906738,0.9942706823348999,0.9954195618629456,0.9966996908187866
64,1000,0.0625,noiseless_ideal,0.9942577481269836,0.9967290163040161,0.9958933591842651,0.9946232438087463,0.9942577481269836,0.9954293370246887,0.9965485334396362
8,1000,0.0625,noiseless_ideal,0.9942254424095154,0.9942254424095154,0.9990026950836182,0.9974151849746704,0.9985026121139526,0.9979747533798218,0.9981838464736938
8,500,0.03125,noiseless_ideal,0.9941886067390442,0.9947584271430969,0.9971938133239746,0.9975049495697021,0.9984408020973206,0.9964010715484619,0.9941886067390442
32,1000,0.03125,normal_distro,0.9941211342811584,0.9963078498840332,0.9956754446029663,0.9941211342811584,0.9964459538459778,0.9960324764251709,0.9961974620819092
64,500,0.03125,uniform_distro,0.9939305186271667,0.9973430633544922,0.9939305186271667,0.9959602952003479,0.9950662851333618,0.9962274432182312,0.9959462881088257
4,250,0.03125,noiseless_ideal,0.9938952326774597,0.9952533841133118,0.9977433681488037,0.9971929788589478,0.9952752590179443,0.9938952326774597,0.994810163974762
32,500,0.03125,normal_distro,0.993810772895813,0.9950575232505798,0.993810772895813,0.9951081275939941,0.9951467514038086,0.9962016344070435,0.9957802891731262
16,125,0.03125,noiseless_ideal,0.993806779384613,0.9970434308052063,0.9973450899124146,0.9967518448829651,0.9955055713653564,0.9944077730178833,0.993806779384613
8,1000,0.03125,uniform_distro,0.9935414791107178,0.9935414791107178,0.9983465671539307,0.99710613489151,0.9955993294715881,0.9982427954673767,0.9970331192016602
4,1000,0.0625,noiseless_ideal,0.9934794306755066,0.9955573081970215,0.9994475841522217,0.9984095096588135,0.9934794306755066,0.994680643081665,0.9963967204093933
4,500,0.03125,noiseless_ideal,0.9932155609130859,0.9992613792419434,0.9988802671432495,0.9965072870254517,0.9932568073272705,0.9932155609130859,0.9983915090560913
4,500,0.03125,uniform_distro,0.9931759238243103,0.9972572326660156,0.9949938058853149,0.9931759238243103,0.9971540570259094,0.9932067394256592,0.9975288510322571
16,1000,0.0625,noiseless_ideal,0.9928762316703796,0.9983698129653931,0.9973453283309937,0.9970290660858154,0.9955909252166748,0.9928762316703796,0.9932916164398193
16,1000,0.125,noiseless_ideal,0.9928702712059021,0.9970487356185913,0.997421145439148,0.9966690540313721,0.9955449104309082,0.9928702712059021,0.9936580657958984
8,1000,0.03125,normal_distro,0.99261474609375,0.9984843730926514,0.9974429607391357,0.99261474609375,0.9942843317985535,0.9959257245063782,0.9958568811416626
64,125,0.03125,uniform_distro,0.9924730062484741,0.9924730062484741,0.9948146343231201,0.9963310956954956,0.996171236038208,0.9946981072425842,0.9959832429885864
64,500,0.0625,uniform_distro,0.9922922253608704,0.9938082695007324,0.9926081895828247,0.9922922253608704,0.9951467514038086,0.9939098954200745,0.9932979345321655
8,500,0.0625,noiseless_ideal,0.9919922351837158,0.9936417937278748,0.9972840547561646,0.9974029064178467,0.9984521865844727,0.9919922351837158,0.9947386384010315
8,250,0.03125,noiseless_ideal,0.9919766783714294,0.994117021560669,0.997260332107544,0.9974861145019531,0.9984627962112427,0.9919766783714294,0.9941753149032593
8,1000,0.25,noiseless_ideal,0.9919546246528625,0.9946198463439941,0.9971978068351746,0.9974520802497864,0.99851393699646,0.9919546246528625,0.9941477179527283
8,250,0.125,noiseless_ideal,0.9919377565383911,0.9978970885276794,0.9972442984580994,0.9974414110183716,0.998444139957428,0.9919377565383911,0.9941586256027222
64,250,0.03125,uniform_distro,0.9919376373291016,0.9919376373291016,0.995323657989502,0.9956778287887573,0.9944731593132019,0.9954352378845215,0.9968323707580566
4,1000,0.03125,normal_distro,0.9918286204338074,0.9969198703765869,0.9986549615859985,0.9971234798431396,0.9918286204338074,0.992875337600708,0.9976458549499512
64,500,0.0625,normal_distro,0.9915273785591125,0.9915273785591125,0.9929907321929932,0.992259681224823,0.9922776818275452,0.9921267032623291,0.9940945506095886
64,500,0.03125,normal_distro,0.9915140271186829,0.9935123920440674,0.9946335554122925,0.9944610595703125,0.992607593536377,0.9915140271186829,0.9940552711486816
8,1000,0.125,noiseless_ideal,0.9914511442184448,0.9914511442184448,0.9972171783447266,0.9974809885025024,0.9984632730484009,0.9919226169586182,0.9942241907119751
64,1000,0.03125,normal_distro,0.9913859367370605,0.9940394163131714,0.9934862852096558,0.9935418367385864,0.9913859367370605,0.9916399717330933,0.9935804605484009
8,125,0.25,noiseless_ideal,0.9913090467453003,0.9913090467453003,0.9972460269927979,0.9974524974822998,0.9984734654426575,0.992011308670044,0.9941649436950684
8,125,0.125,noiseless_ideal,0.9912856817245483,0.9912856817245483,0.9972692131996155,0.997459352016449,0.998485267162323,0.9919708967208862,0.9941878318786621
8,500,0.125,noiseless_ideal,0.9912713170051575,0.9912713170051575,0.997255802154541,0.9974827170372009,0.998449981212616,0.995220422744751,0.9942068457603455
8,250,0.0625,noiseless_ideal,0.9912708401679993,0.9912708401679993,0.9978823661804199,0.9974918365478516,0.9984871745109558,0.9919281601905823,0.9941307306289673
8,500,0.25,noiseless_ideal,0.991268515586853,0.991268515586853,0.9972745180130005,0.9974969029426575,0.9984734058380127,0.9920133352279663,0.9941026568412781
8,125,0.0625,noiseless_ideal,0.9912416934967041,0.9912416934967041,0.9971988201141357,0.9973742961883545,0.9984866976737976,0.9930533766746521,0.9940897226333618
8,250,0.25,noiseless_ideal,0.9912372827529907,0.9912372827529907,0.997282862663269,0.9975259304046631,0.9984902739524841,0.9920183420181274,0.9941962957382202
32,1000,0.0625,normal_distro,0.9911656975746155,0.9958860278129578,0.9911656975746155,0.9953198432922363,0.9956047534942627,0.9928134083747864,0.9942177534103394
4,500,0.25,noiseless_ideal,0.9907605051994324,0.9944568872451782,0.9977535009384155,0.9964864253997803,0.9934052228927612,0.9907605051994324,0.9947534799575806
16,500,0.0625,noiseless_ideal,0.9907537698745728,0.9970144033432007,0.9973454475402832,0.996674656867981,0.9953346848487854,0.9907537698745728,0.9936100244522095
64,1000,0.0625,normal_distro,0.9906293153762817,0.9906293153762817,0.9927173256874084,0.9911618232727051,0.9920046329498291,0.9911351203918457,0.9932460784912109
32,250,0.03125,uniform_distro,0.990452766418457,0.990452766418457,0.9986475706100464,0.9989938139915466,0.9979347586631775,0.990673303604126,0.9961458444595337
8,500,0.03125,normal_distro,0.9904189705848694,0.9960371255874634,0.9904189705848694,0.9955969452857971,0.9948725700378418,0.994376540184021,0.9958510994911194
4,500,0.03125,normal_distro,0.9903824329376221,0.9916192889213562,0.9903824329376221,0.9948883056640625,0.9943661093711853,0.9973293542861938,0.9990387558937073
16,500,0.25,noiseless_ideal,0.9902165532112122,0.9969883561134338,0.997349739074707,0.9967644214630127,0.9956003427505493,0.9902165532112122,0.9932501316070557
128,500,0.03125,uniform_distro,0.9899461269378662,0.9907259941101074,0.9899461269378662,0.9916789531707764,0.9930939078330994,0.9943385124206543,0.9922637343406677
16,500,0.125,noiseless_ideal,0.9898344874382019,0.996963620185852,0.9973211288452148,0.9966542720794678,0.9954709410667419,0.9898344874382019,0.9933668375015259
16,1000,0.0625,uniform_distro,0.9897454977035522,0.9943371415138245,0.9967860579490662,0.9961549043655396,0.9897454977035522,0.993686318397522,0.9923186898231506
8,500,0.0625,uniform_distro,0.9887575507164001,0.9963934421539307,0.9966224431991577,0.9921140670776367,0.9902533888816833,0.9887575507164001,0.9955248832702637
16,250,0.03125,noiseless_ideal,0.9887114763259888,0.9969724416732788,0.9974474906921387,0.996649444103241,0.9939329028129578,0.9887114763259888,0.996845006942749
16,500,0.0625,uniform_distro,0.9886420965194702,0.9950445294380188,0.9886420965194702,0.990652322769165,0.9937598705291748,0.9967396855354309,0.991054892539978
16,500,0.03125,normal_distro,0.9886037111282349,0.9950518012046814,0.989707887172699,0.9933975338935852,0.9927194118499756,0.9886037111282349,0.9974576234817505
16,125,0.03125,uniform_distro,0.9881541728973389,0.9925692081451416,0.9881541728973389,0.9935511946678162,0.9933364987373352,0.9952340126037598,0.9948498010635376
32,500,0.0625,uniform_distro,0.9880783557891846,0.9963524341583252,0.9924007654190063,0.9986693263053894,0.9959898591041565,0.9941120743751526,0.9880783557891846
128,500,0.0625,uniform_distro,0.9877141714096069,0.9884233474731445,0.9879040718078613,0.989387035369873,0.9899086952209473,0.9877141714096069,0.9888308644294739
16,500,0.03125,uniform_distro,0.9875353574752808,0.9946961402893066,0.9983570575714111,0.9959300756454468,0.9875353574752808,0.9970670342445374,0.9949865341186523
32,250,0.03125,normal_distro,0.9873197078704834,0.9957797527313232,0.9873197078704834,0.9930882453918457,0.9945564866065979,0.9955030679702759,0.9935202598571777
64,250,0.03125,normal_distro,0.9872236251831055,0.9923082590103149,0.9912798404693604,0.9931597709655762,0.9889217615127563,0.9872236251831055,0.9928033947944641
4,250,0.03125,uniform_distro,0.9871817827224731,0.9978642463684082,0.9955139756202698,0.9871817827224731,0.9916393756866455,0.9957315921783447,0.9971718788146973
32,250,0.0625,uniform_distro,0.9869506359100342,0.9869506359100342,0.9971569776535034,0.9980895519256592,0.989067554473877,0.9982631206512451,0.9917981028556824
32,1000,0.0625,uniform_distro,0.9869164228439331,0.9962437152862549,0.9951886534690857,0.996213436126709,0.9925503730773926,0.9869164228439331,0.9948013424873352
64,125,0.03125,normal_distro,0.986720621585846,0.9888733625411987,0.9921155571937561,0.9908061623573303,0.986720621585846,0.9945491552352905,0.992559552192688
128,1000,0.03125,normal_distro,0.9866580963134766,0.987130880355835,0.9885634183883667,0.9866580963134766,0.9873196482658386,0.9875092506408691,0.9871253967285156
128,1000,0.0625,uniform_distro,0.986444354057312,0.9908432960510254,0.9875889420509338,0.987567663192749,0.986444354057312,0.9873043298721313,0.9866233468055725
8,250,0.0625,uniform_distro,0.9863791465759277,0.9863791465759277,0.9947552680969238,0.9959630370140076,0.9945626258850098,0.9912854433059692,0.9962408542633057
8,250,0.03125,uniform_distro,0.9862149953842163,0.9862149953842163,0.9877550601959229,0.9988519549369812,0.9922935366630554,0.9935586452484131,0.9940050840377808
4,125,0.03125,noiseless_ideal,0.9857568740844727,0.99448561668396,0.9977558851242065,0.996411144733429,0.9935252070426941,0.9857568740844727,0.9946854114532471
32,500,0.0625,normal_distro,0.9857534170150757,0.9899656176567078,0.9931838512420654,0.9957470893859863,0.9941263198852539,0.9857534170150757,0.9953197240829468
4,250,0.25,noiseless_ideal,0.9856764078140259,0.994379460811615,0.9977368712425232,0.9964773654937744,0.9933391809463501,0.9856764078140259,0.994718611240387
4,250,0.03125,normal_distro,0.9852569103240967,0.9922731518745422,0.9985666275024414,0.9875993132591248,0.9949365258216858,0.991888165473938,0.9852569103240967
16,250,0.0625,noiseless_ideal,0.9850844144821167,0.9959060549736023,0.9975497126579285,0.9967514872550964,0.99566650390625,0.9850844144821167,0.9934685230255127
128,1000,0.0625,normal_distro,0.9849914312362671,0.987878680229187,0.9849914312362671,0.9851585030555725,0.9901899695396423,0.9856876730918884,0.9899800419807434
4,500,0.0625,noiseless_ideal,0.9845204949378967,0.9943963289260864,0.9977271556854248,0.9964775443077087,0.9934742450714111,0.9845204949378967,0.9947994947433472
128,500,0.03125,normal_distro,0.9845010638237,0.9868988990783691,0.9860916137695312,0.9879591464996338,0.9845010638237,0.987733006477356,0.9885592460632324
4,125,0.125,noiseless_ideal,0.9844943284988403,0.9944360852241516,0.9977060556411743,0.9965176582336426,0.9933624863624573,0.9844943284988403,0.9947350025177002
4,125,0.25,noiseless_ideal,0.9844626188278198,0.9944506883621216,0.9977456331253052,0.9963854551315308,0.9931775331497192,0.9844626188278198,0.9948838949203491
4,250,0.125,noiseless_ideal,0.9844493865966797,0.9944663047790527,0.9977715611457825,0.9965479373931885,0.9931585788726807,0.9844493865966797,0.9946234822273254
4,1000,0.25,noiseless_ideal,0.9844156503677368,0.9966285228729248,0.9977602958679199,0.9965413212776184,0.9931864738464355,0.9844156503677368,0.9964001774787903
4,125,0.0625,noiseless_ideal,0.9843498468399048,0.9947275519371033,0.9977344870567322,0.9964683651924133,0.9933351278305054,0.9843498468399048,0.9947572946548462
4,1000,0.125,noiseless_ideal,0.984321117401123,0.9943536520004272,0.9977325201034546,0.9995214939117432,0.9933601021766663,0.984321117401123,0.9947537779808044
4,500,0.125,noiseless_ideal,0.9843050837516785,0.9944638609886169,0.9977432489395142,0.9964441061019897,0.9934496879577637,0.9843050837516785,0.9948489665985107
4,250,0.0625,noiseless_ideal,0.9842901825904846,0.9980841875076294,0.9976891875267029,0.9964640140533447,0.9933119416236877,0.9842901825904846,0.9948229789733887
128,250,0.0625,uniform_distro,0.9840269088745117,0.9884293079376221,0.9913895130157471,0.9879148006439209,0.9892066717147827,0.9840269088745117,0.9930953979492188
32,125,0.03125,normal_distro,0.9838305711746216,0.9838305711746216,0.9935947060585022,0.996283769607544,0.9933638572692871,0.9851791858673096,0.9956811666488647
128,250,0.03125,uniform_distro,0.9837846755981445,0.9918922185897827,0.9902994632720947,0.990556001663208,0.989129900932312,0.9929938316345215,0.9837846755981445
16,250,0.03125,normal_distro,0.9837214350700378,0.9964029788970947,0.9962877035140991,0.9972901940345764,0.991631269454956,0.994000256061554,0.9837214350700378
16,125,0.03125,normal_distro,0.9837053418159485,0.9885798692703247,0.9837053418159485,0.9944632649421692,0.9880402088165283,0.995857834815979,0.9956151247024536
128,125,0.0625,uniform_distro,0.9835977554321289,0.9902991652488708,0.9866414666175842,0.9844231009483337,0.9835977554321289,0.9894394874572754,0.9853280782699585
64,250,0.0625,normal_distro,0.9832265377044678,0.9921207427978516,0.9910610914230347,0.9910083413124084,0.9832265377044678,0.9845081567764282,0.9885507225990295
64,250,0.0625,uniform_distro,0.9831788539886475,0.99149489402771,0.9968605041503906,0.9933021664619446,0.9960995316505432,0.9894979000091553,0.9831788539886475
128,1000,0.125,uniform_distro,0.9822068214416504,0.9873761534690857,0.9844646453857422,0.9873752593994141,0.9822068214416504,0.9878219366073608,0.9875918626785278
128,500,0.0625,normal_distro,0.9818485975265503,0.9860000610351562,0.9818485975265503,0.9851897358894348,0.9887945652008057,0.9872399568557739,0.986871600151062
16,500,0.0625,normal_distro,0.9818464517593384,0.992516279220581,0.9818464517593384,0.9832773208618164,0.9896265864372253,0.9951236844062805,0.983200192451477
16,125,0.25,noiseless_ideal,0.9816740155220032,0.9969398975372314,0.9972646832466125,0.9967005252838135,0.9954227805137634,0.9816740155220032,0.9936615824699402
16,1000,0.25,noiseless_ideal,0.9816394448280334,0.9969566464424133,0.9974195957183838,0.9967999458312988,0.9953551888465881,0.9816394448280334,0.9935044646263123
16,125,0.125,noiseless_ideal,0.9816086292266846,0.9970699548721313,0.9973824620246887,0.9967939257621765,0.9955617785453796,0.9816086292266846,0.9937303066253662
16,125,0.0625,noiseless_ideal,0.9814630746841431,0.9970518350601196,0.9974443316459656,0.9966462850570679,0.9956416487693787,0.9814630746841431,0.9936421513557434
128,500,0.03125,noiseless_ideal,0.9814602136611938,0.9905291795730591,0.9814602136611938,0.9920251369476318,0.9927065372467041,0.9842255711555481,0.9900181889533997
128,500,0.0625,noiseless_ideal,0.9814576506614685,0.9901840686798096,0.9814576506614685,0.9900857210159302,0.9915986061096191,0.9823930859565735,0.9891247153282166
16,250,0.125,noiseless_ideal,0.9814043641090393,0.9970223903656006,0.9974508285522461,0.996739387512207,0.9954142570495605,0.9814043641090393,0.9935223460197449
8,500,0.0625,normal_distro,0.9813889265060425,0.9897420406341553,0.9903263449668884,0.9980286359786987,0.9813889265060425,0.9870924353599548,0.9943411350250244
64,125,0.0625,uniform_distro,0.9813733696937561,0.9846148490905762,0.9813733696937561,0.9896194934844971,0.994673490524292,0.9938714504241943,0.9906214475631714
16,250,0.25,noiseless_ideal,0.9812899231910706,0.9970709681510925,0.9974011778831482,0.9967145323753357,0.9954646229743958,0.9812899231910706,0.9935992956161499
128,1000,0.03125,noiseless_ideal,0.9812196493148804,0.9913983941078186,0.9812196493148804,0.99204421043396,0.9921514391899109,0.9849562644958496,0.9899590015411377
128,125,0.03125,noiseless_ideal,0.9812192916870117,0.9913330078125,0.9812192916870117,0.991418182849884,0.9925065040588379,0.9838210344314575,0.9897980690002441
128,250,0.0625,normal_distro,0.9811813831329346,0.9848313927650452,0.9868677258491516,0.9885396957397461,0.9811813831329346,0.9819942712783813,0.9860325455665588
128,250,0.03125,noiseless_ideal,0.9811704158782959,0.9917703866958618,0.9811704158782959,0.9902920126914978,0.9915320873260498,0.9827237129211426,0.989224910736084
128,125,0.25,noiseless_ideal,0.9811325073242188,0.9896168112754822,0.9811325073242188,0.9901348948478699,0.9917722940444946,0.982845664024353,0.9896991848945618
128,1000,0.0625,noiseless_ideal,0.9808951616287231,0.9889571666717529,0.9808951616287231,0.9907750487327576,0.9912669658660889,0.9847763180732727,0.9892404079437256
128,1000,0.25,noiseless_ideal,0.980870246887207,0.9897375106811523,0.980870246887207,0.9903318881988525,0.9919367432594299,0.9823794960975647,0.9893139600753784
128,500,0.25,noiseless_ideal,0.980728030204773,0.9895333647727966,0.980728030204773,0.9903117418289185,0.9918435215950012,0.9825819730758667,0.9893175363540649
128,250,0.125,noiseless_ideal,0.9806947708129883,0.9894327521324158,0.9806947708129883,0.9900886416435242,0.9918315410614014,0.9825391173362732,0.9895262122154236
128,1000,0.125,noiseless_ideal,0.9805921316146851,0.9893180131912231,0.9805921316146851,0.9901725649833679,0.9921517968177795,0.9824427366256714,0.9894033074378967
4,500,0.0625,normal_distro,0.980535089969635,0.9967260360717773,0.9982179403305054,0.980535089969635,0.99083411693573,0.993011474609375,0.9970683455467224
128,250,0.25,noiseless_ideal,0.9803932905197144,0.9899953603744507,0.9803932905197144,0.9903454780578613,0.9918162822723389,0.9835668206214905,0.9894973635673523
64,1000,0.125,uniform_distro,0.9803726673126221,0.9880693554878235,0.9871357083320618,0.9862867593765259,0.9912747144699097,0.9803726673126221,0.9905853271484375
128,500,0.125,noiseless_ideal,0.9802576899528503,0.9897679090499878,0.9802576899528503,0.9902821183204651,0.9920523166656494,0.9815727472305298,0.9895292520523071
128,250,0.0625,noiseless_ideal,0.9801822900772095,0.9897124767303467,0.9801822900772095,0.9898999333381653,0.9921099543571472,0.9828734397888184,0.988852858543396
128,125,0.0625,noiseless_ideal,0.9800776839256287,0.9899948239326477,0.9800776839256287,0.9903850555419922,0.9917585849761963,0.9807024002075195,0.9892784357070923
8,1000,0.0625,uniform_distro,0.9800329804420471,0.9925177693367004,0.9966563582420349,0.9980466365814209,0.9887899160385132,0.9800329804420471,0.995354175567627
128,125,0.125,noiseless_ideal,0.9798963069915771,0.9899277091026306,0.9798963069915771,0.9901229739189148,0.992132842540741,0.9818820357322693,0.9896970987319946
4,1000,0.25,uniform_distro,0.9790570735931396,0.9959365129470825,0.9846819043159485,0.9790570735931396,0.9845757484436035,0.9902564287185669,0.9881834983825684
8,125,0.03125,normal_distro,0.9787735342979431,0.9832923412322998,0.9787735342979431,0.9917244911193848,0.9909663200378418,0.9943078756332397,0.9894881248474121
128,1000,0.125,normal_distro,0.9783660769462585,0.9814397096633911,0.9831055998802185,0.9849350452423096,0.9796733856201172,0.9833113551139832,0.9783660769462585
16,1000,0.0625,normal_distro,0.9781420826911926,0.9781420826911926,0.9954714775085449,0.978248119354248,0.9933164119720459,0.9969682693481445,0.9964269399642944
256,1000,0.03125,noiseless_ideal,0.9776779413223267,0.9776779413223267,0.9839209914207458,0.979691207408905,0.9835476875305176,0.9886620044708252,0.9818219542503357
16,1000,0.25,uniform_distro,0.9776620864868164,0.9924822449684143,0.9955763220787048,0.9801229238510132,0.9906570315361023,0.9963603615760803,0.9776620864868164
8,250,0.03125,normal_distro,0.9776290059089661,0.9939132332801819,0.9971963167190552,0.984882652759552,0.9776290059089661,0.9887785911560059,0.9816244840621948
256,500,0.03125,noiseless_ideal,0.977354109287262,0.977354109287262,0.9843143820762634,0.9787008166313171,0.9827923774719238,0.986831784248352,0.981026291847229
16,250,0.0625,uniform_distro,0.9772633910179138,0.9772633910179138,0.9920921325683594,0.9800839424133301,0.9891251921653748,0.9822006821632385,0.9894333481788635
4,1000,0.125,normal_distro,0.9772584438323975,0.9906936883926392,0.9986148476600647,0.9913935661315918,0.994174599647522,0.9978671073913574,0.9772584438323975
256,1000,0.0625,noiseless_ideal,0.9771615266799927,0.9771615266799927,0.9838967323303223,0.9785065650939941,0.9808369278907776,0.9868761897087097,0.983967661857605
256,125,0.03125,noiseless_ideal,0.9770046472549438,0.9770046472549438,0.9841184616088867,0.9791676998138428,0.9811959862709045,0.9871037006378174,0.9792678356170654
256,250,0.03125,noiseless_ideal,0.9769156575202942,0.9769156575202942,0.9840090274810791,0.9771085977554321,0.9822680354118347,0.9860987067222595,0.9820358157157898
128,1000,0.25,normal_distro,0.9767129421234131,0.9825955629348755,0.9791027903556824,0.9767129421234131,0.9862798452377319,0.9770462512969971,0.9832466244697571
256,500,0.0625,noiseless_ideal,0.9763050675392151,0.9765899181365967,0.983521044254303,0.9783438444137573,0.982755720615387,0.9868913888931274,0.9763050675392151
128,500,0.125,normal_distro,0.9755861759185791,0.984997034072876,0.9847393035888672,0.9755861759185791,0.9855608940124512,0.9783536791801453,0.9809980988502502
256,1000,0.25,noiseless_ideal,0.9754766821861267,0.9754766821861267,0.9844903349876404,0.9772287607192993,0.9801222085952759,0.9865651726722717,0.975838303565979
256,125,0.0625,noiseless_ideal,0.9751957058906555,0.9751957058906555,0.984683632850647,0.9774661660194397,0.9805819392204285,0.9866765737533569,0.9789472818374634
256,125,0.125,noiseless_ideal,0.9751758575439453,0.9759014844894409,0.983036458492279,0.9783189296722412,0.9804777503013611,0.9867223501205444,0.9751758575439453
256,500,0.25,noiseless_ideal,0.9751201272010803,0.9751201272010803,0.9830633401870728,0.978000283241272,0.9797261357307434,0.9865415692329407,0.9753358364105225
256,500,0.125,noiseless_ideal,0.9749916791915894,0.9749916791915894,0.9835491180419922,0.9760486483573914,0.979494035243988,0.9869545698165894,0.9787120819091797
256,250,0.125,noiseless_ideal,0.9749393463134766,0.9749393463134766,0.98363196849823,0.9763607382774353,0.9781512022018433,0.9868857860565186,0.9772356152534485
8,1000,0.0625,normal_distro,0.9748556017875671,0.9753817319869995,0.9758970737457275,0.9748556017875671,0.9810956120491028,0.9858736395835876,0.9986673593521118
256,125,0.25,noiseless_ideal,0.9747955799102783,0.9747955799102783,0.9836661219596863,0.9760770797729492,0.9805747866630554,0.9866147637367249,0.9756307005882263
256,250,0.0625,noiseless_ideal,0.974393367767334,0.974393367767334,0.9837808609008789,0.9792007803916931,0.9786696434020996,0.986610472202301,0.9826555252075195
8,1000,0.25,uniform_distro,0.9741896986961365,0.988014817237854,0.9917025566101074,0.982614278793335,0.9741896986961365,0.9790927767753601,0.9862645864486694
256,250,0.25,noiseless_ideal,0.9739227890968323,0.9739227890968323,0.983086109161377,0.9767265915870667,0.979057252407074,0.9867725372314453,0.9756015539169312
256,1000,0.125,noiseless_ideal,0.9738643765449524,0.9738643765449524,0.9834921956062317,0.9762246012687683,0.9745988845825195,0.9862937927246094,0.9808758497238159
256,500,0.0625,normal_distro,0.9734208583831787,0.9763538837432861,0.9755672812461853,0.9761421084403992,0.9734208583831787,0.9764729142189026,0.9744067788124084
256,250,0.0625,uniform_distro,0.9728927612304688,0.980657160282135,0.9728927612304688,0.9785380959510803,0.9841921925544739,0.979157567024231,0.9828498363494873
4,1000,0.0625,uniform_distro,0.9727646708488464,0.9981265068054199,0.997311532497406,0.9901672601699829,0.9791900515556335,0.9727646708488464,0.9870678186416626
64,1000,0.125,normal_distro,0.9727143049240112,0.9727143049240112,0.9918035864830017,0.9900336861610413,0.9893143773078918,0.9878939390182495,0.9883464574813843
256,1000,0.0625,uniform_distro,0.9720829725265503,0.9734560251235962,0.9720829725265503,0.9854360818862915,0.9805405139923096,0.9775238037109375,0.976691722869873
32,500,0.125,uniform_distro,0.971237301826477,0.9967626333236694,0.971237301826477,0.9963294863700867,0.9873942732810974,0.9757011532783508,0.9944171905517578
256,125,0.0625,uniform_distro,0.9711029529571533,0.9718910455703735,0.9711029529571533,0.9729392528533936,0.9752224087715149,0.9745484590530396,0.97691810131073
256,500,0.125,uniform_distro,0.9709892868995667,0.9836646318435669,0.9725079536437988,0.9830192923545837,0.9709892868995667,0.9761679172515869,0.9715624451637268
32,1000,0.125,normal_distro,0.9709724187850952,0.9900819063186646,0.9931962490081787,0.9805120229721069,0.9937102794647217,0.9770162105560303,0.9709724187850952
32,1000,0.125,uniform_distro,0.9708788394927979,0.9911074638366699,0.9719951152801514,0.9783187508583069,0.9839832782745361,0.9708788394927979,0.9959479570388794
128,500,0.125,uniform_distro,0.9708366394042969,0.9857779741287231,0.9708366394042969,0.9863635897636414,0.9778382778167725,0.979892373085022,0.9815729856491089
128,1000,0.25,uniform_distro,0.9707880616188049,0.9841615557670593,0.9848570823669434,0.9707880616188049,0.9789764285087585,0.9811728000640869,0.9884152412414551
64,500,0.125,uniform_distro,0.970504879951477,0.9934816956520081,0.98587965965271,0.9863645434379578,0.9846755266189575,0.970504879951477,0.9853414297103882
8,500,0.125,uniform_distro,0.9702432155609131,0.970614492893219,0.9958460927009583,0.9754666090011597,0.9702432155609131,0.9780464172363281,0.9900407791137695
128,125,0.125,normal_distro,0.9701985120773315,0.9776370525360107,0.973397433757782,0.971331000328064,0.9792726635932922,0.9883245229721069,0.9701985120773315
256,250,0.125,normal_distro,0.9692248106002808,0.9734257459640503,0.9695084095001221,0.9755939841270447,0.9692248106002808,0.9767844676971436,0.9735573530197144
16,500,0.125,uniform_distro,0.9690725803375244,0.9690725803375244,0.9868437647819519,0.9800145626068115,0.9843301177024841,0.9759489297866821,0.9818815588951111
4,1000,0.0625,normal_distro,0.9686011075973511,0.990864634513855,0.9956679344177246,0.9831583499908447,0.9686011075973511,0.9768374562263489,0.9963221549987793
4,500,0.25,uniform_distro,0.9679838418960571,0.9883050322532654,0.9918071031570435,0.9679838418960571,0.9837124943733215,0.9904723167419434,0.9847379922866821
256,250,0.125,uniform_distro,0.9678636789321899,0.9689632654190063,0.9706549644470215,0.9783734083175659,0.9678636789321899,0.9781900644302368,0.9705456495285034
32,500,0.25,uniform_distro,0.9675052165985107,0.9757908582687378,0.9675052165985107,0.9716898202896118,0.9835973978042603,0.9686218500137329,0.9870429039001465
8,1000,0.25,normal_distro,0.9667168259620667,0.987355649471283,0.9670851230621338,0.9770298600196838,0.973511278629303,0.9667168259620667,0.985412061214447
256,1000,0.0625,normal_distro,0.9665226936340332,0.9756993651390076,0.9762190580368042,0.9740577340126038,0.9665226936340332,0.9763435125350952,0.9731471538543701
256,1000,0.125,normal_distro,0.9665162563323975,0.9741040468215942,0.9743664264678955,0.9770712852478027,0.9771918058395386,0.9665162563323975,0.9750894904136658
4,500,0.125,uniform_distro,0.9664883613586426,0.9664883613586426,0.9945389628410339,0.978103756904602,0.9920563697814941,0.9893675446510315,0.9817477464675903
128,250,0.125,normal_distro,0.9658480882644653,0.9831141233444214,0.9658480882644653,0.9842381477355957,0.9832725524902344,0.9803580641746521,0.9854828119277954
128,250,0.125,uniform_distro,0.9656045436859131,0.9780734777450562,0.9804023504257202,0.9656045436859131,0.9743567109107971,0.979526698589325,0.982864499092102
8,250,0.125,normal_distro,0.9641311168670654,0.9641311168670654,0.9834287166595459,0.9782559871673584,0.9959522485733032,0.9790051579475403,0.9910417199134827
256,1000,0.125,uniform_distro,0.9632782340049744,0.9730019569396973,0.9733853340148926,0.9794116020202637,0.9712859988212585,0.9632782340049744,0.9704297780990601
16,125,0.0625,uniform_distro,0.9629206657409668,0.9973173141479492,0.9677572846412659,0.9841301441192627,0.9870488047599792,0.9741387367248535,0.9629206657409668
16,250,0.0625,normal_distro,0.962329089641571,0.9799036979675293,0.9880630970001221,0.962329089641571,0.9745307564735413,0.9980901479721069,0.9777135252952576
64,500,0.125,normal_distro,0.9618314504623413,0.9667583107948303,0.9920254945755005,0.9886760711669922,0.9865941405296326,0.9618314504623413,0.9963454008102417
256,500,0.0625,uniform_distro,0.9614427089691162,0.972862958908081,0.9754635095596313,0.9801632761955261,0.976093053817749,0.9614427089691162,0.9763890504837036
16,1000,0.125,normal_distro,0.9614002108573914,0.9940165877342224,0.9826232194900513,0.9925269484519958,0.9880434274673462,0.9614002108573914,0.962260901927948
4,1000,0.25,normal_distro,0.9612454175949097,0.9984699487686157,0.9785300493240356,0.9826624393463135,0.9886164665222168,0.9612454175949097,0.9909940958023071
64,125,0.0625,normal_distro,0.9610905647277832,0.9927306175231934,0.9610905647277832,0.9773578643798828,0.9667689204216003,0.9930328130722046,0.9893059730529785
256,1000,0.25,normal_distro,0.9609581232070923,0.9717140197753906,0.9685116410255432,0.979529619216919,0.9681127071380615,0.9609581232070923,0.9614317417144775
256,125,0.125,uniform_distro,0.9608539342880249,0.9720379114151001,0.9669033885002136,0.9608539342880249,0.9806030988693237,0.9772561192512512,0.97109454870224
32,125,0.0625,uniform_distro,0.9605133533477783,0.9835619926452637,0.983566164970398,0.9678378105163574,0.9924212098121643,0.9605133533477783,0.989411473274231
4,250,0.0625,uniform_distro,0.9599897265434265,0.9862639904022217,0.9599897265434265,0.9726026058197021,0.9608726501464844,0.9822010397911072,0.9795465469360352
4,500,0.25,normal_distro,0.9586818218231201,0.990928053855896,0.9740535020828247,0.9745160341262817,0.9829825162887573,0.9586818218231201,0.9629346132278442
64,250,0.125,uniform_distro,0.9581963419914246,0.9867808818817139,0.9885363578796387,0.9943914413452148,0.9905669093132019,0.9581963419914246,0.9887639284133911
16,1000,0.125,uniform_distro,0.957970917224884,0.9981978535652161,0.9950113296508789,0.9948551058769226,0.9774588346481323,0.957970917224884,0.9937859773635864
128,500,0.25,uniform_distro,0.9575767517089844,0.981404185295105,0.9884556531906128,0.9824064373970032,0.9741405844688416,0.9575767517089844,0.9765805602073669
4,125,0.03125,uniform_distro,0.9573100209236145,0.9573100209236145,0.984083890914917,0.9977914094924927,0.9942125082015991,0.9711031913757324,0.9953216314315796
16,1000,0.25,normal_distro,0.9568279981613159,0.9779396057128906,0.9814778566360474,0.9824186563491821,0.9568279981613159,0.9716755151748657,0.9588969945907593
256,500,0.125,normal_distro,0.9563682079315186,0.9759881496429443,0.9752926230430603,0.9612596035003662,0.9763152599334717,0.9563682079315186,0.9715684652328491
256,500,0.25,normal_distro,0.9563333988189697,0.9644339680671692,0.9563333988189697,0.9640830755233765,0.974804699420929,0.9698248505592346,0.9757964611053467
32,250,0.0625,normal_distro,0.9561812877655029,0.9913222789764404,0.98573899269104,0.9561812877655029,0.994685173034668,0.9755340814590454,0.9705801010131836
16,500,0.25,uniform_distro,0.9557895064353943,0.9557895064353943,0.9640558958053589,0.9680823087692261,0.9750573635101318,0.9778776168823242,0.9667811393737793
64,1000,0.25,normal_distro,0.9551438093185425,0.9808155298233032,0.9837517738342285,0.9551438093185425,0.9808213114738464,0.9895504713058472,0.9676018953323364
256,1000,0.25,uniform_distro,0.9551091194152832,0.9776886701583862,0.9557229280471802,0.9717535376548767,0.9551091194152832,0.969514012336731,0.9627156257629395
8,1000,0.125,uniform_distro,0.9547441601753235,0.9952703714370728,0.9717752933502197,0.9547441601753235,0.9948633909225464,0.9874125719070435,0.9976211786270142
8,500,0.25,uniform_distro,0.9547340273857117,0.9835945963859558,0.9901524782180786,0.9845014810562134,0.9873309135437012,0.9547340273857117,0.9946994781494141
16,250,0.125,uniform_distro,0.9542835354804993,0.9844679832458496,0.9608407020568848,0.9542835354804993,0.9804636240005493,0.9703640341758728,0.9766530990600586
256,125,0.125,normal_distro,0.953505277633667,0.9592320322990417,0.965423583984375,0.9758217334747314,0.953505277633667,0.9610459208488464,0.9765865802764893
32,1000,0.25,normal_distro,0.9534684419631958,0.9823544025421143,0.9849165678024292,0.9925470352172852,0.9534684419631958,0.9816232919692993,0.9826980829238892
64,1000,0.25,uniform_distro,0.9530578851699829,0.9657668471336365,0.9937936067581177,0.9530578851699829,0.9928015470504761,0.9855494499206543,0.985986053943634
8,1000,0.125,normal_distro,0.9530094861984253,0.9610815048217773,0.9530094861984253,0.9928715229034424,0.9707313776016235,0.9805953502655029,0.9934310913085938
64,125,0.125,normal_distro,0.951598584651947,0.9520008563995361,0.9915860295295715,0.951598584651947,0.9933618307113647,0.9665013551712036,0.9706704616546631
4,125,0.03125,normal_distro,0.9509649276733398,0.9509649276733398,0.9629653692245483,0.9843470454216003,0.9954812526702881,0.9722788333892822,0.9677855968475342
8,500,0.125,normal_distro,0.9493497014045715,0.9618358612060547,0.9493497014045715,0.9626359939575195,0.969982922077179,0.976172685623169,0.9651724696159363
16,125,0.125,normal_distro,0.9488468170166016,0.9657483100891113,0.9501398205757141,0.9490319490432739,0.9636812210083008,0.9587271809577942,0.9488468170166016
16,500,0.25,normal_distro,0.9479285478591919,0.9726386666297913,0.9589235186576843,0.9479285478591919,0.9615017771720886,0.9865247011184692,0.9712177515029907
8,500,0.25,normal_distro,0.9476050734519958,0.9476050734519958,0.9534645080566406,0.9710069894790649,0.9897502064704895,0.9604203701019287,0.9559383392333984
64,125,0.125,uniform_distro,0.9475821256637573,0.987565815448761,0.9774117469787598,0.9852240085601807,0.9602624773979187,0.9895401000976562,0.9475821256637573
512,1000,0.0625,uniform_distro,0.9465773105621338,0.9465773105621338,0.9562762379646301,0.9598753452301025,0.9477463960647583,0.9586166143417358,0.9620609879493713
32,125,0.03125,uniform_distro,0.9460638761520386,0.996442437171936,0.9966569542884827,0.9846909046173096,0.9944056272506714,0.9954869747161865,0.9460638761520386
64,500,0.25,normal_distro,0.9460451602935791,0.9605957865715027,0.959362804889679,0.9806549549102783,0.9460451602935791,0.9477662444114685,0.9704792499542236
512,250,0.0625,uniform_distro,0.9456889629364014,0.9574764966964722,0.9614633321762085,0.9556090235710144,0.9472717046737671,0.9541186094284058,0.9456889629364014
512,250,0.0625,noiseless_ideal,0.9456406831741333,0.9515039324760437,0.9461355209350586,0.9490158557891846,0.9459140300750732,0.9456406831741333,0.9487105011940002
32,500,0.125,normal_distro,0.945468008518219,0.9940829277038574,0.9804174900054932,0.9864308834075928,0.945468008518219,0.9824296236038208,0.9780087471008301
512,500,0.03125,uniform_distro,0.9448944330215454,0.9448944330215454,0.9545533657073975,0.9590058326721191,0.9528513550758362,0.9481825828552246,0.9497963190078735
512,1000,0.03125,noiseless_ideal,0.9447886943817139,0.9508358836174011,0.951321542263031,0.9506555795669556,0.9485048055648804,0.9447886943817139,0.9498887062072754
512,1000,0.0625,noiseless_ideal,0.9444624185562134,0.9511492252349854,0.9507153034210205,0.9488903880119324,0.9462838172912598,0.9444624185562134,0.9502583146095276
512,1000,0.125,noiseless_ideal,0.9444246292114258,0.9614038467407227,0.9467098712921143,0.9444246292114258,0.9486086368560791,0.9459209442138672,0.9468917846679688
256,125,0.0625,normal_distro,0.9433674812316895,0.97230064868927,0.9739031195640564,0.9732688665390015,0.9433674812316895,0.9759817123413086,0.9733819961547852
16,250,0.125,normal_distro,0.943305253982544,0.9646522998809814,0.943305253982544,0.963074803352356,0.9798026084899902,0.9658227562904358,0.9612125158309937
512,250,0.125,uniform_distro,0.9428197741508484,0.9441535472869873,0.9490408301353455,0.9551262259483337,0.9501343369483948,0.9428197741508484,0.951469898223877
512,500,0.0625,noiseless_ideal,0.9426028728485107,0.9490200281143188,0.9537646174430847,0.947131335735321,0.946601390838623,0.9426028728485107,0.9467049837112427
512,500,0.0625,uniform_distro,0.9424877166748047,0.9468365907669067,0.9424877166748047,0.9552358984947205,0.9533563852310181,0.9551798105239868,0.951583981513977
512,500,0.0625,normal_distro,0.9416970610618591,0.9447088241577148,0.9487404227256775,0.9513513445854187,0.9416970610618591,0.9429019689559937,0.9455462694168091
64,250,0.125,normal_distro,0.9407427310943604,0.9783440828323364,0.983415424823761,0.9407427310943604,0.9928744435310364,0.9454671144485474,0.9913947582244873
128,500,0.25,normal_distro,0.9402403235435486,0.9676723480224609,0.9402403235435486,0.9599842429161072,0.9796522259712219,0.986038863658905,0.9555972814559937
512,250,0.03125,uniform_distro,0.9401047229766846,0.9522709250450134,0.9404616355895996,0.9506300687789917,0.9401047229766846,0.9568448066711426,0.9502859115600586
128,125,0.0625,normal_distro,0.9400404691696167,0.979029655456543,0.9400404691696167,0.9500526189804077,0.9773298501968384,0.9599557518959045,0.9868589043617249
512,500,0.125,noiseless_ideal,0.9398974180221558,0.9398974180221558,0.9462350010871887,0.9443204402923584,0.9463920593261719,0.9471473693847656,0.9502801895141602
64,500,0.25,uniform_distro,0.9397639036178589,0.9397639036178589,0.9810357093811035,0.9944357872009277,0.9679722785949707,0.9729828834533691,0.98565673828125
512,125,0.125,uniform_distro,0.9396499991416931,0.9485446214675903,0.9477272033691406,0.9396499991416931,0.9456602931022644,0.942885160446167,0.949934720993042
512,1000,0.0625,normal_distro,0.9396123290061951,0.9425020813941956,0.9437898993492126,0.9517635107040405,0.9396123290061951,0.9459701180458069,0.9438767433166504
512,1000,0.25,normal_distro,0.9393358826637268,0.9477530717849731,0.9517777562141418,0.958013653755188,0.9393358826637268,0.9541624188423157,0.9515904784202576
512,1000,0.125,uniform_distro,0.9390437602996826,0.9417579174041748,0.9499547481536865,0.9390437602996826,0.9522778987884521,0.9522682428359985,0.9499636292457581
512,500,0.125,uniform_distro,0.9388098120689392,0.9444771409034729,0.9446368217468262,0.9558391571044922,0.9537875652313232,0.938860297203064,0.9388098120689392
512,1000,0.25,uniform_distro,0.9383280277252197,0.9383280277252197,0.9509989619255066,0.9484119415283203,0.9395493268966675,0.9489312171936035,0.9476990103721619
512,125,0.0625,noiseless_ideal,0.9383189678192139,0.9490217566490173,0.9383189678192139,0.9483065605163574,0.9429316520690918,0.9403451681137085,0.9486598968505859
512,1000,0.125,normal_distro,0.9382421970367432,0.9382421970367432,0.949587881565094,0.9535045027732849,0.9495277404785156,0.9442194700241089,0.9469890594482422
4,250,0.25,uniform_distro,0.9381939172744751,0.9857115745544434,0.9710046648979187,0.9700829982757568,0.9381939172744751,0.9956030249595642,0.9528932571411133
512,125,0.125,noiseless_ideal,0.938106894493103,0.9399798512458801,0.938106894493103,0.9486610293388367,0.9482628703117371,0.9440998435020447,0.952999472618103
512,500,0.125,normal_distro,0.9374207258224487,0.9410017132759094,0.9422881603240967,0.9452096223831177,0.9381759166717529,0.9389642477035522,0.9374207258224487
32,1000,0.25,uniform_distro,0.9372266530990601,0.9895458221435547,0.9864858388900757,0.9954695701599121,0.9828655123710632,0.9372266530990601,0.9893054962158203
4,250,0.0625,normal_distro,0.936739444732666,0.936739444732666,0.9802261590957642,0.9665313363075256,0.9653891324996948,0.9870730638504028,0.974464476108551
4,1000,0.125,uniform_distro,0.935641348361969,0.9896442890167236,0.9566713571548462,0.9620376825332642,0.993714451789856,0.935641348361969,0.9941415786743164
32,125,0.0625,normal_distro,0.9354079961776733,0.9787348508834839,0.9872634410858154,0.9354079961776733,0.9708870053291321,0.9915743470191956,0.9655115604400635
8,125,0.25,normal_distro,0.9350272417068481,0.9350272417068481,0.9830552339553833,0.9787286520004272,0.987095832824707,0.9483411312103271,0.9875871539115906
8,250,0.0625,normal_distro,0.9350123405456543,0.9901376962661743,0.9350123405456543,0.9780197739601135,0.947277843952179,0.9778741598129272,0.9918725490570068
256,250,0.25,uniform_distro,0.9348149299621582,0.9759032726287842,0.975979208946228,0.9348149299621582,0.9715783596038818,0.9550764560699463,0.9628623723983765
512,500,0.25,uniform_distro,0.9346985816955566,0.9392948150634766,0.9441707134246826,0.9419816732406616,0.9346985816955566,0.9392253160476685,0.9406453371047974
512,125,0.0625,uniform_distro,0.9342721700668335,0.9342721700668335,0.9453270435333252,0.9476547241210938,0.9390779733657837,0.949101448059082,0.9569544792175293
512,500,0.25,noiseless_ideal,0.9341094493865967,0.9446926116943359,0.945655345916748,0.9397233724594116,0.9373311996459961,0.9357463121414185,0.9341094493865967
32,500,0.25,normal_distro,0.9331238269805908,0.9811244606971741,0.949109673500061,0.9331238269805908,0.9784324765205383,0.959210991859436,0.9644327163696289
128,250,0.25,normal_distro,0.932715892791748,0.9607387781143188,0.9527558088302612,0.954052746295929,0.9417380094528198,0.932715892791748,0.9710583686828613
512,125,0.125,normal_distro,0.932512104511261,0.9451364874839783,0.9410329461097717,0.9455113410949707,0.9483091831207275,0.9336591958999634,0.932512104511261
256,250,0.25,normal_distro,0.9315692186355591,0.9756709337234497,0.9315692186355591,0.9560824632644653,0.9780837297439575,0.968316912651062,0.9548171758651733
512,250,0.125,normal_distro,0.9314911961555481,0.9460033774375916,0.9314911961555481,0.9453032612800598,0.946773111820221,0.9423316121101379,0.9396697282791138
256,500,0.25,uniform_distro,0.9303011894226074,0.9303011894226074,0.9645645618438721,0.9731983542442322,0.9711860418319702,0.9742504954338074,0.9680966138839722
4,125,0.25,normal_distro,0.930038332939148,0.9965323209762573,0.9760916233062744,0.9844130277633667,0.930038332939148,0.9725320339202881,0.9308407306671143
4,250,0.25,normal_distro,0.9298704862594604,0.940489649772644,0.9695167541503906,0.9471128582954407,0.9846369028091431,0.9298704862594604,0.9495283961296082
512,1000,0.25,noiseless_ideal,0.9291977286338806,0.9432520270347595,0.9411971569061279,0.9463425874710083,0.9395436644554138,0.9291977286338806,0.9348108768463135
512,250,0.125,noiseless_ideal,0.9289995431900024,0.9436573386192322,0.949628472328186,0.9433531165122986,0.9413865804672241,0.9416326284408569,0.9289995431900024
256,125,0.25,uniform_distro,0.9286633133888245,0.969561755657196,0.965373694896698,0.9637366533279419,0.9286633133888245,0.9561612606048584,0.9816350936889648
16,500,0.125,normal_distro,0.9280953407287598,0.9769654273986816,0.9867575168609619,0.9938695430755615,0.9650547504425049,0.9280953407287598,0.9977929592132568
8,250,0.125,uniform_distro,0.9271917343139648,0.9661784768104553,0.9788779616355896,0.9271917343139648,0.9739478826522827,0.9610232710838318,0.9723747968673706
4,250,0.125,normal_distro,0.9271081686019897,0.9971462488174438,0.9804222583770752,0.9271081686019897,0.9661277532577515,0.978474497795105,0.990170955657959
512,500,0.25,normal_distro,0.9268782138824463,0.9440057277679443,0.94358229637146,0.9434908628463745,0.9348580837249756,0.9508956670761108,0.9268782138824463
4,500,0.0625,uniform_distro,0.9258376359939575,0.9854787588119507,0.9813815951347351,0.9258376359939575,0.9831617474555969,0.9809263944625854,0.9942880868911743
64,250,0.25,uniform_distro,0.9255433082580566,0.9735976457595825,0.9771029949188232,0.9270563125610352,0.9255433082580566,0.9583606719970703,0.976465106010437
128,125,0.125,uniform_distro,0.9253605008125305,0.952051043510437,0.980746865272522,0.9671776294708252,0.9253605008125305,0.9674347043037415,0.9871366620063782
512,250,0.25,noiseless_ideal,0.9247182607650757,0.9417784214019775,0.937493085861206,0.9316740036010742,0.9247182607650757,0.9342581629753113,0.9409679770469666
512,250,0.25,normal_distro,0.9236176609992981,0.9303134679794312,0.939144492149353,0.9376105070114136,0.9236176609992981,0.9325854778289795,0.942986011505127
32,250,0.125,uniform_distro,0.922310471534729,0.9808617234230042,0.922310471534729,0.9671415090560913,0.998702883720398,0.9434285163879395,0.9875125885009766
512,250,0.25,uniform_distro,0.9220527410507202,0.9485142827033997,0.9460809826850891,0.9230569005012512,0.9220527410507202,0.9329482316970825,0.9393175840377808
512,125,0.25,noiseless_ideal,0.9194381237030029,0.9416654706001282,0.9194381237030029,0.9242390394210815,0.9407010674476624,0.9326100945472717,0.9354983568191528
32,250,0.25,normal_distro,0.9188473224639893,0.9188473224639893,0.944546103477478,0.9810158014297485,0.9854815006256104,0.9649169445037842,0.9356094598770142
512,125,0.25,normal_distro,0.9186381101608276,0.9390984177589417,0.9315709471702576,0.9418032169342041,0.9186381101608276,0.938651442527771,0.9448083639144897
8,125,0.0625,normal_distro,0.9175503849983215,0.9567233920097351,0.9220829606056213,0.937887966632843,0.9175503849983215,0.9895448684692383,0.9237574338912964
4,250,0.125,uniform_distro,0.9167752265930176,0.9641737341880798,0.9680935144424438,0.9167752265930176,0.982947587966919,0.9870476722717285,0.9802787899971008
32,125,0.25,normal_distro,0.9153581261634827,0.9153581261634827,0.9886804223060608,0.9711926579475403,0.948727011680603,0.9680589437484741,0.9967544674873352
32,250,0.125,normal_distro,0.911764919757843,0.911764919757843,0.9633100032806396,0.9554499387741089,0.92083340883255,0.9769918918609619,0.9860638380050659
128,125,0.25,normal_distro,0.9106439352035522,0.9749650955200195,0.9617549180984497,0.9861193895339966,0.9760696291923523,0.9694569110870361,0.9106439352035522
8,125,0.0625,uniform_distro,0.9094275236129761,0.9837573766708374,0.9094275236129761,0.9371679425239563,0.9776986837387085,0.9506015777587891,0.9973587393760681
64,250,0.25,normal_distro,0.9090148210525513,0.9762778282165527,0.9701444506645203,0.9382072687149048,0.9897345304489136,0.9271706938743591,0.9090148210525513
16,250,0.25,normal_distro,0.9052038192749023,0.9052038192749023,0.9907002449035645,0.9528127908706665,0.9945921897888184,0.9197779297828674,0.982207715511322
16,125,0.0625,normal_distro,0.9050304889678955,0.9924673438072205,0.9561761617660522,0.9445958733558655,0.9050304889678955,0.9456889629364014,0.9755825996398926
16,125,0.25,uniform_distro,0.9013373255729675,0.9527591466903687,0.925430953502655,0.9558913707733154,0.9908136129379272,0.9013373255729675,0.936016857624054
128,250,0.25,uniform_distro,0.8985468745231628,0.9725737571716309,0.9632320404052734,0.8985468745231628,0.9678666591644287,0.9642436504364014,0.9631484746932983
4,500,0.125,normal_distro,0.8977004289627075,0.9933047890663147,0.8977004289627075,0.966988205909729,0.9905500411987305,0.9942288994789124,0.9927231669425964
16,250,0.25,uniform_distro,0.8940785527229309,0.9850074052810669,0.8940785527229309,0.9750509262084961,0.9784055352210999,0.9734543561935425,0.9765609502792358
256,125,0.25,normal_distro,0.8938171863555908,0.8938171863555908,0.9577518701553345,0.9097492098808289,0.9434057474136353,0.9701737761497498,0.9359124898910522
16,125,0.125,uniform_distro,0.8935579061508179,0.8935579061508179,0.9163894057273865,0.9683337807655334,0.9834918975830078,0.9101158380508423,0.9497792720794678
512,125,0.25,uniform_distro,0.8915848731994629,0.9144164323806763,0.9243587255477905,0.9212380051612854,0.9426667094230652,0.8915848731994629,0.9338634610176086
32,250,0.25,uniform_distro,0.8849332928657532,0.996867835521698,0.898439884185791,0.98134446144104,0.9932877421379089,0.9705418944358826,0.8849332928657532
128,125,0.25,uniform_distro,0.8821850419044495,0.9530946016311646,0.9339513778686523,0.9773868322372437,0.897295355796814,0.8821850419044495,0.9446163773536682
4,125,0.125,normal_distro,0.879584550857544,0.9712204337120056,0.9752675294876099,0.9836394786834717,0.955082893371582,0.9167153239250183,0.879584550857544
32,125,0.125,uniform_distro,0.8794398903846741,0.9915213584899902,0.940130889415741,0.9926342964172363,0.8794398903846741,0.9827686548233032,0.9925309419631958
8,250,0.25,normal_distro,0.8687686324119568,0.987292468547821,0.9112740755081177,0.959493100643158,0.9763239026069641,0.9632819294929504,0.8687686324119568
32,125,0.25,uniform_distro,0.8685718774795532,0.8765074014663696,0.9308291673660278,0.8685718774795532,0.9184483885765076,0.9546575546264648,0.8909912109375
8,250,0.25,uniform_distro,0.8549628257751465,0.9701414108276367,0.8831450939178467,0.9832767844200134,0.9129660725593567,0.9845573902130127,0.8549628257751465
8,125,0.125,uniform_distro,0.8536271452903748,0.9393606185913086,0.9238229990005493,0.990321695804596,0.9704803824424744,0.9646575450897217,0.8536271452903748
32,125,0.125,normal_distro,0.8462697267532349,0.9542126655578613,0.9400879144668579,0.9436993598937988,0.9346457123756409,0.9539003372192383,0.8462697267532349
4,125,0.25,uniform_distro,0.8448323011398315,0.9861748218536377,0.8448323011398315,0.9270346164703369,0.9226605296134949,0.9904353022575378,0.9409589171409607
8,125,0.125,normal_distro,0.8294769525527954,0.9607908725738525,0.9804649353027344,0.8741082549095154,0.9653856754302979,0.8294769525527954,0.8530117273330688
64,125,0.25,uniform_distro,0.8199609518051147,0.9020118713378906,0.9714483618736267,0.8199609518051147,0.939735472202301,0.9600740075111389,0.8286733031272888
4,125,0.0625,uniform_distro,0.8166756629943848,0.9718953967094421,0.9781272411346436,0.9692139029502869,0.8166756629943848,0.9732649326324463,0.9875060319900513
64,125,0.25,normal_distro,0.8157285451889038,0.983391523361206,0.8624686598777771,0.9014732241630554,0.9768558144569397,0.8157285451889038,0.9682471752166748
8,125,0.25,uniform_distro,0.8131653070449829,0.8405580520629883,0.9186480045318604,0.8131653070449829,0.9260755777359009,0.9624980688095093,0.9257513284683228
16,125,0.25,normal_distro,0.792506217956543,0.9622750878334045,0.792506217956543,0.8452445864677429,0.9191854000091553,0.87706458568573,0.9639523029327393
4,125,0.0625,normal_distro,0.7785866260528564,0.9511785507202148,0.9731351137161255,0.9289018511772156,0.7785866260528564,0.8916752338409424,0.9317165613174438
4,125,0.125,uniform_distro,0.7765688300132751,0.9859462976455688,0.9937013387680054,0.7765688300132751,0.9800057411193848,0.9061304330825806,0.9915896058082581
512,125,0.0625,normal_distro,0.6525635123252869,0.9422047138214111,0.9434340596199036,0.9453946352005005,0.9474554657936096,0.6525635123252869,0.9462614059448242
8,125,0.03125,uniform_distro,0.5470964312553406,0.9982143640518188,0.9943262934684753,0.5470964312553406,0.9968649744987488,0.9903219938278198,0.9819668531417847
256,125,0.03125,uniform_distro,0.5379242300987244,0.5379242300987244,0.9809359312057495,0.9764577746391296,0.9801187515258789,0.9886844754219055,0.9812860488891602
4,1000,0.03125,uniform_distro,0.5323992371559143,0.9976088404655457,0.5323992371559143,0.9988267421722412,0.9843348860740662,0.9988484978675842,0.9985071420669556
512,125,0.03125,uniform_distro,0.5263147950172424,0.5983617305755615,0.9516371488571167,0.8835618495941162,0.5263147950172424,0.5557966232299805,0.9222548007965088
256,1000,0.03125,uniform_distro,0.5226266384124756,0.974759578704834,0.9797768592834473,0.9820493459701538,0.5226266384124756,0.9814771413803101,0.9762627482414246
512,1000,0.03125,normal_distro,0.5226262211799622,0.9451101422309875,0.9423549175262451,0.9462346434593201,0.5226262211799622,0.9468767642974854,0.9433895349502563
256,1000,0.03125,normal_distro,0.5211318731307983,0.9745727777481079,0.9747762680053711,0.9737622141838074,0.5211318731307983,0.5393027067184448,0.9750841856002808
512,125,0.03125,noiseless_ideal,0.5203502178192139,0.9469347596168518,0.5203502178192139,0.9487494230270386,0.9448789954185486,0.947149932384491,0.9437224864959717
512,500,0.03125,normal_distro,0.5198608636856079,0.9400814175605774,0.9449382424354553,0.9457454681396484,0.5534421801567078,0.5198608636856079,0.9441448450088501
128,125,0.03125,normal_distro,0.5191762447357178,0.9871030449867249,0.987201452255249,0.9870615601539612,0.984347939491272,0.5191762447357178,0.9866487383842468
512,500,0.03125,noiseless_ideal,0.5174315571784973,0.9499179124832153,0.5174315571784973,0.9465413093566895,0.9467663764953613,0.9450072050094604,0.9505621194839478
128,125,0.03125,uniform_distro,0.5170336961746216,0.9876447916030884,0.9913854598999023,0.5170336961746216,0.9897342920303345,0.9890116453170776,0.9945719242095947
256,125,0.03125,normal_distro,0.5137796401977539,0.9713139533996582,0.9724974632263184,0.9741691946983337,0.5137796401977539,0.5289334058761597,0.9740365743637085
512,250,0.03125,noiseless_ideal,0.5108736157417297,0.9498227834701538,0.5108736157417297,0.9464846253395081,0.9457796812057495,0.9437987208366394,0.9497201442718506
128,250,0.03125,normal_distro,0.5062392950057983,0.9884389042854309,0.9877049922943115,0.9849959015846252,0.5062392950057983,0.9875777959823608,0.9872904419898987
256,500,0.03125,normal_distro,0.5038224458694458,0.9739595651626587,0.9717133045196533,0.9708061218261719,0.5038224458694458,0.9773852825164795,0.9740110635757446
256,250,0.03125,uniform_distro,0.5030434131622314,0.5030434131622314,0.5091443657875061,0.9734827876091003,0.9706549644470215,0.9845148324966431,0.9746220111846924
256,250,0.03125,normal_distro,0.5017445087432861,0.97398841381073,0.9746042490005493,0.9720039367675781,0.5017445087432861,0.9739508628845215,0.9723268747329712
512,250,0.03125,normal_distro,0.46069803833961487,0.9393395781517029,0.9386439919471741,0.9448078274726868,0.5822000503540039,0.46069803833961487,0.9441200494766235
512,250,0.0625,normal_distro,0.3910044729709625,0.9438979625701904,0.9387912154197693,0.9500852227210999,0.3910044729709625,0.9439225196838379,0.9389174580574036
256,250,0.0625,normal_distro,0.34057942032814026,0.9707341194152832,0.9684189558029175,0.9738675355911255,0.9716327786445618,0.34057942032814026,0.9725685715675354
256,500,0.03125,uniform_distro,0.3186277151107788,0.9745122194290161,0.979552686214447,0.9755618572235107,0.9745743274688721,0.9799598455429077,0.3186277151107788
128,1000,0.03125,uniform_distro,0.29786649346351624,0.9930670857429504,0.9910804629325867,0.9919238686561584,0.9925005435943604,0.9941625595092773,0.29786649346351624
512,1000,0.03125,uniform_distro,0.2967088520526886,0.9433885216712952,0.943602979183197,0.9448442459106445,0.541269063949585,0.9538941383361816,0.2967088520526886
512,125,0.03125,normal_distro,0.2609548568725586,0.943764865398407,0.904268205165863,0.945724368095398,0.5199567079544067,0.2609548568725586,0.9424281120300293
