Sequence Length,Population Size,Num Generations,Crossover Rate,Init Sol Type,Differential Weight,Min Fidelity,I,X,Y,Z,H,R_X_PI/4
4,10,6,0.2,noiseless_ideal,0.45,0.9463096857070923,0.9532644748687744,0.9463096857070923,0.9873934388160706,0.9961425065994263,0.9932626485824585,0.9700410962104797
4,10,6,0.2,uniform_distro,0.45,0.9057700634002686,0.9057700634002686,0.9601786136627197,0.9190642833709717,0.9621917009353638,0.925657331943512,0.9469226598739624
4,10,6,0.2,normal_distro,0.45,0.1914917230606079,0.9789541959762573,0.8860138654708862,0.5306222438812256,0.1914917230606079,0.9648188352584839,0.9933205842971802
4,10,6,0.2,noiseless_ideal,0.9,0.9559400677680969,0.9853969812393188,0.9897609949111938,0.9559400677680969,0.9812628030776978,0.9932510852813721,0.9870497584342957
4,10,6,0.2,uniform_distro,0.9,0.5895292162895203,0.9207512736320496,0.817043662071228,0.9269761443138123,0.9914827346801758,0.5895292162895203,0.9207451343536377
4,10,6,0.2,normal_distro,0.9,0.4978449046611786,0.9796575903892517,0.8425229787826538,0.4978449046611786,0.9510893821716309,0.8702280521392822,0.9756526947021484
4,10,6,0.2,noiseless_ideal,1.8,0.9431353807449341,0.9698282480239868,0.9431353807449341,0.9635049104690552,0.9767654538154602,0.976812481880188,0.9545282125473022
4,10,6,0.2,uniform_distro,1.8,0.7542517781257629,0.9168238639831543,0.7542517781257629,0.9138557314872742,0.7835562229156494,0.8565240502357483,0.8673907518386841
4,10,6,0.2,normal_distro,1.8,0.8128399848937988,0.9707667231559753,0.9453824758529663,0.8128399848937988,0.8919873237609863,0.9158353805541992,0.9415929913520813
4,10,6,0.4,noiseless_ideal,0.45,0.985361635684967,0.9914575219154358,0.992245078086853,0.985361635684967,0.990917444229126,0.9912647008895874,0.9899433851242065
4,10,6,0.4,uniform_distro,0.45,0.7025406360626221,0.7025406360626221,0.9878596663475037,0.916248619556427,0.7277804613113403,0.8645557165145874,0.9541976451873779
4,10,6,0.4,normal_distro,0.45,0.649779736995697,0.950332522392273,0.9222515821456909,0.649779736995697,0.8633063435554504,0.754019021987915,0.9852107763290405
4,10,6,0.4,noiseless_ideal,0.9,0.9122524261474609,0.9858324527740479,0.9122524261474609,0.9613358378410339,0.9711424112319946,0.9896127581596375,0.9919787645339966
4,10,6,0.4,uniform_distro,0.9,0.7148396968841553,0.995480477809906,0.8133389353752136,0.9435334205627441,0.7148396968841553,0.7406148910522461,0.9693099856376648
4,10,6,0.4,normal_distro,0.9,0.8371181488037109,0.9523294568061829,0.9037502408027649,0.9514141082763672,0.9516410231590271,0.8371181488037109,0.980294942855835
4,10,6,0.4,noiseless_ideal,1.8,0.9201185703277588,0.9329155087471008,0.9201185703277588,0.9676868915557861,0.977212131023407,0.9984325766563416,0.9655017852783203
4,10,6,0.4,uniform_distro,1.8,0.7697669267654419,0.8879600763320923,0.8753690719604492,0.9805376529693604,0.9205517172813416,0.9027814865112305,0.7697669267654419
4,10,6,0.4,normal_distro,1.8,0.8299592733383179,0.9738650321960449,0.8299592733383179,0.971888542175293,0.8915308713912964,0.8953779935836792,0.9111753702163696
4,10,6,0.8,noiseless_ideal,0.45,0.9636616110801697,0.9822162389755249,0.9966145753860474,0.9873225688934326,0.9636616110801697,0.9969059228897095,0.9719096422195435
4,10,6,0.8,uniform_distro,0.45,0.7153717279434204,0.8825448155403137,0.9672609567642212,0.9812964200973511,0.7153717279434204,0.9214494824409485,0.9617733955383301
4,10,6,0.8,normal_distro,0.45,0.705169677734375,0.9969439506530762,0.9699052572250366,0.705169677734375,0.9649600982666016,0.7804967164993286,0.984980046749115
4,10,6,0.8,noiseless_ideal,0.9,0.9193918704986572,0.9636380672454834,0.9952607750892639,0.972206711769104,0.9818503856658936,0.9193918704986572,0.9765673875808716
4,10,6,0.8,uniform_distro,0.9,0.8326075077056885,0.8326075077056885,0.9179069399833679,0.8652663826942444,0.9668118953704834,0.9076628088951111,0.9835389256477356
4,10,6,0.8,normal_distro,0.9,0.8773805499076843,0.8773805499076843,0.9902681708335876,0.9455510377883911,0.988827109336853,0.9528011083602905,0.9631050229072571
4,10,6,0.8,noiseless_ideal,1.8,0.8527536392211914,0.9635338187217712,0.8893043994903564,0.933407723903656,0.9583080410957336,0.9217796921730042,0.8527536392211914
4,10,6,0.8,uniform_distro,1.8,0.8548974394798279,0.99825119972229,0.8548974394798279,0.9692339301109314,0.9458433389663696,0.8745213747024536,0.984068751335144
4,10,6,0.8,normal_distro,1.8,0.8087108135223389,0.9661386013031006,0.8087108135223389,0.9771140813827515,0.8256772756576538,0.9485659599304199,0.9325783252716064
4,10,13,0.2,noiseless_ideal,0.45,0.988140881061554,0.9988776445388794,0.9921371936798096,0.988140881061554,0.9968774914741516,0.9943690299987793,0.9896618723869324
4,10,13,0.2,uniform_distro,0.45,0.7692842483520508,0.8763744831085205,0.7692842483520508,0.9328883290290833,0.7885586023330688,0.9233111143112183,0.8978266716003418
4,10,13,0.2,normal_distro,0.45,0.32448458671569824,0.9912505149841309,0.5135709643363953,0.957406759262085,0.32448458671569824,0.5768157243728638,0.9945326447486877
4,10,13,0.2,noiseless_ideal,0.9,0.9549257755279541,0.9730896353721619,0.9549257755279541,0.9945573806762695,0.9883304834365845,0.9646293520927429,0.9861942529678345
4,10,13,0.2,uniform_distro,0.9,0.8764829635620117,0.9960009455680847,0.9116076827049255,0.9567071795463562,0.9774704575538635,0.8764829635620117,0.9597029685974121
4,10,13,0.2,normal_distro,0.9,0.8914913535118103,0.9714387655258179,0.9463008046150208,0.9526354670524597,0.9782001972198486,0.8914913535118103,0.9933283925056458
4,10,13,0.2,noiseless_ideal,1.8,0.9318660497665405,0.9885618686676025,0.9945130348205566,0.9880995750427246,0.9756674766540527,0.9781756401062012,0.9318660497665405
4,10,13,0.2,uniform_distro,1.8,0.9068270921707153,0.9561108350753784,0.9068270921707153,0.9216448068618774,0.9118313789367676,0.9596513509750366,0.9724698066711426
4,10,13,0.2,normal_distro,1.8,0.8833904266357422,0.9551073312759399,0.8833904266357422,0.9407604932785034,0.9815295338630676,0.9321120381355286,0.9351080060005188
4,10,13,0.4,noiseless_ideal,0.45,0.9868454933166504,0.9983787536621094,0.9868454933166504,0.9902932047843933,0.9907203912734985,0.9923306703567505,0.998504638671875
4,10,13,0.4,uniform_distro,0.45,0.8670152425765991,0.9863553047180176,0.8670152425765991,0.8818063735961914,0.9831101298332214,0.9624387621879578,0.8928630948066711
4,10,13,0.4,normal_distro,0.45,0.9714310765266418,0.9894870519638062,0.9904521703720093,0.9893935918807983,0.9714310765266418,0.995689332485199,0.9912805557250977
4,10,13,0.4,noiseless_ideal,0.9,0.9492007493972778,0.9926103353500366,0.995720624923706,0.9492007493972778,0.9842256903648376,0.9938614368438721,0.9958189129829407
4,10,13,0.4,uniform_distro,0.9,0.9539597034454346,0.9539597034454346,0.9717956781387329,0.9839552044868469,0.99525386095047,0.9659473896026611,0.9884801506996155
4,10,13,0.4,normal_distro,0.9,0.9066426753997803,0.9934972524642944,0.9066426753997803,0.9671184420585632,0.9265760183334351,0.982365071773529,0.9924192428588867
4,10,13,0.4,noiseless_ideal,1.8,0.941515326499939,0.9910810589790344,0.9977527856826782,0.9777193069458008,0.9551961421966553,0.9846048355102539,0.941515326499939
4,10,13,0.4,uniform_distro,1.8,0.8128601312637329,0.940230667591095,0.899114191532135,0.8128601312637329,0.8331794738769531,0.9807734489440918,0.9625637531280518
4,10,13,0.4,normal_distro,1.8,0.7144225835800171,0.9435389041900635,0.7144225835800171,0.7677550315856934,0.936585009098053,0.9305486679077148,0.9689236879348755
4,10,13,0.8,noiseless_ideal,0.45,0.9969797134399414,0.9982489347457886,0.9992222785949707,0.9990445971488953,0.9969797134399414,0.9972294569015503,0.998947024345398
4,10,13,0.8,uniform_distro,0.45,0.9181222915649414,0.9963232278823853,0.920703649520874,0.9516078233718872,0.9181222915649414,0.9460054039955139,0.9807368516921997
4,10,13,0.8,normal_distro,0.45,0.9621092081069946,0.9975042343139648,0.9621092081069946,0.9973552227020264,0.9727637767791748,0.9646022319793701,0.9964240789413452
4,10,13,0.8,noiseless_ideal,0.9,0.9743404388427734,0.9961679577827454,0.9743404388427734,0.9935405254364014,0.9952348470687866,0.9963029623031616,0.9745753407478333
4,10,13,0.8,uniform_distro,0.9,0.8521692752838135,0.9897136092185974,0.8919766545295715,0.9386981725692749,0.8521692752838135,0.9861875772476196,0.9882043600082397
4,10,13,0.8,normal_distro,0.9,0.943606436252594,0.9947817921638489,0.959716796875,0.9553020596504211,0.946970522403717,0.9919900894165039,0.943606436252594
4,10,13,0.8,noiseless_ideal,1.8,0.9406591057777405,0.9839922189712524,0.9675478339195251,0.9743067026138306,0.9406591057777405,0.9722617864608765,0.9928168654441833
4,10,13,0.8,uniform_distro,1.8,0.9258054494857788,0.9547200202941895,0.933220624923706,0.9258054494857788,0.9551659822463989,0.9807047843933105,0.9738894701004028
4,10,13,0.8,normal_distro,1.8,0.8502850532531738,0.9852244853973389,0.8502850532531738,0.9455779790878296,0.9799512624740601,0.9787989854812622,0.9833707809448242
4,10,25,0.2,noiseless_ideal,0.45,0.9902512431144714,0.9978010654449463,0.9965109825134277,0.9902512431144714,0.9974801540374756,0.9965784549713135,0.995365560054779
4,10,25,0.2,uniform_distro,0.45,0.9238526821136475,0.9238526821136475,0.9377021789550781,0.9613685607910156,0.9934087991714478,0.9502879977226257,0.9838650226593018
4,10,25,0.2,normal_distro,0.45,0.9364469051361084,0.9947377443313599,0.9364469051361084,0.9621666669845581,0.9915252327919006,0.9856376051902771,0.9951273202896118
4,10,25,0.2,noiseless_ideal,0.9,0.9744772911071777,0.9923578500747681,0.9744772911071777,0.997526228427887,0.9849863052368164,0.9895763397216797,0.9949989914894104
4,10,25,0.2,uniform_distro,0.9,0.9464614391326904,0.9835673570632935,0.9776034355163574,0.9464614391326904,0.9983486533164978,0.9536360502243042,0.9741753935813904
4,10,25,0.2,normal_distro,0.9,0.9324061274528503,0.9906798601150513,0.9793639183044434,0.9559109807014465,0.9324061274528503,0.9731400012969971,0.9975969791412354
4,10,25,0.2,noiseless_ideal,1.8,0.9633136987686157,0.9970412254333496,0.9686554670333862,0.9919841289520264,0.9633136987686157,0.9760963320732117,0.9939030408859253
4,10,25,0.2,uniform_distro,1.8,0.9080894589424133,0.9951411485671997,0.9080894589424133,0.9700424075126648,0.9425093531608582,0.9817060232162476,0.9645190834999084
4,10,25,0.2,normal_distro,1.8,0.8596808910369873,0.9837841987609863,0.8596808910369873,0.9174814820289612,0.8918692469596863,0.9900487661361694,0.9866090416908264
4,10,25,0.4,noiseless_ideal,0.45,0.9953195452690125,0.9953195452690125,0.999135434627533,0.9973628520965576,0.9973148703575134,0.9961615204811096,0.9985944628715515
4,10,25,0.4,uniform_distro,0.45,0.8044917583465576,0.9743101596832275,0.9670979976654053,0.9270074963569641,0.9771521091461182,0.8044917583465576,0.9815323352813721
4,10,25,0.4,normal_distro,0.45,0.9743515253067017,0.997105598449707,0.9913473129272461,0.9862926602363586,0.9743515253067017,0.9925278425216675,0.997016191482544
4,10,25,0.4,noiseless_ideal,0.9,0.9829662442207336,0.9936370849609375,0.9914119243621826,0.9933147430419922,0.9829662442207336,0.9974377751350403,0.9853998422622681
4,10,25,0.4,uniform_distro,0.9,0.8832190036773682,0.9602318406105042,0.9118026494979858,0.8993872404098511,0.9916876554489136,0.8832190036773682,0.9835544228553772
4,10,25,0.4,normal_distro,0.9,0.8897626399993896,0.9700982570648193,0.9474872350692749,0.9186233878135681,0.9764308929443359,0.8897626399993896,0.992048442363739
4,10,25,0.4,noiseless_ideal,1.8,0.9827181100845337,0.9990993738174438,0.9827181100845337,0.9921656250953674,0.9833836555480957,0.9869488477706909,0.9913175106048584
4,10,25,0.4,uniform_distro,1.8,0.9360489845275879,0.989785373210907,0.9360489845275879,0.9990467429161072,0.9915034174919128,0.9926822781562805,0.9711963534355164
4,10,25,0.4,normal_distro,1.8,0.8835391402244568,0.9985600113868713,0.8835391402244568,0.9538435339927673,0.9295144081115723,0.9364210367202759,0.9843167662620544
4,10,25,0.8,noiseless_ideal,0.45,0.9970711469650269,0.9993648529052734,0.9992120265960693,0.9993383884429932,0.999280571937561,0.9991427659988403,0.9970711469650269
4,10,25,0.8,uniform_distro,0.45,0.9299411773681641,0.9349304437637329,0.9335084557533264,0.9299411773681641,0.9593815207481384,0.9805354475975037,0.9892575144767761
4,10,25,0.8,normal_distro,0.45,0.992323100566864,0.9992538094520569,0.9984948635101318,0.9981210231781006,0.9967677593231201,0.992323100566864,0.9990482926368713
4,10,25,0.8,noiseless_ideal,0.9,0.9870455861091614,0.998258113861084,0.9870455861091614,0.9989553689956665,0.9966911673545837,0.9935755729675293,0.9955681562423706
4,10,25,0.8,uniform_distro,0.9,0.9203907251358032,0.97906893491745,0.9203907251358032,0.9717227220535278,0.9578133821487427,0.9716717004776001,0.976398766040802
4,10,25,0.8,normal_distro,0.9,0.9300344586372375,0.9987815022468567,0.9872824549674988,0.9300344586372375,0.9399189949035645,0.9776865243911743,0.9915271997451782
4,10,25,0.8,noiseless_ideal,1.8,0.9662350416183472,0.9769372940063477,0.9989226460456848,0.9916817545890808,0.9725103378295898,0.9662350416183472,0.9943748712539673
4,10,25,0.8,uniform_distro,1.8,0.853734016418457,0.981114387512207,0.977089524269104,0.853734016418457,0.9314095973968506,0.9836065769195557,0.9576928019523621
4,10,25,0.8,normal_distro,1.8,0.89960777759552,0.9417627453804016,0.9699927568435669,0.9260192513465881,0.9787974953651428,0.89960777759552,0.9830092191696167
4,20,6,0.2,noiseless_ideal,0.45,0.9791650772094727,0.9944251179695129,0.9834721684455872,0.9980425238609314,0.9791650772094727,0.9891939759254456,0.9914638996124268
4,20,6,0.2,uniform_distro,0.45,0.7680982351303101,0.8656125068664551,0.9450876712799072,0.8064543008804321,0.7680982351303101,0.9496270418167114,0.9906691312789917
4,20,6,0.2,normal_distro,0.45,0.6522549390792847,0.9912401437759399,0.9308574199676514,0.904210090637207,0.6522549390792847,0.8304637670516968,0.9619554281234741
4,20,6,0.2,noiseless_ideal,0.9,0.9570528864860535,0.9570528864860535,0.9830431938171387,0.9845693111419678,0.9625843167304993,0.9895507097244263,0.9804129600524902
4,20,6,0.2,uniform_distro,0.9,0.6123219728469849,0.6123219728469849,0.9577815532684326,0.8358302116394043,0.916606605052948,0.7676995396614075,0.9638405442237854
4,20,6,0.2,normal_distro,0.9,0.6014652252197266,0.9436750411987305,0.889617919921875,0.7648148536682129,0.9609601497650146,0.6014652252197266,0.9697492122650146
4,20,6,0.2,noiseless_ideal,1.8,0.9557677507400513,0.9708999395370483,0.9557677507400513,0.983414888381958,0.9891473650932312,0.9745084047317505,0.9867725372314453
4,20,6,0.2,uniform_distro,1.8,0.9072819948196411,0.9072819948196411,0.975629985332489,0.9392547607421875,0.9206185936927795,0.9793186783790588,0.9728938341140747
4,20,6,0.2,normal_distro,1.8,0.7704341411590576,0.9752734899520874,0.930732250213623,0.9339186549186707,0.9391247034072876,0.7704341411590576,0.9678854942321777
4,20,6,0.4,noiseless_ideal,0.45,0.9740670323371887,0.989259660243988,0.9893278479576111,0.9740670323371887,0.9916608929634094,0.99608314037323,0.9799242615699768
4,20,6,0.4,uniform_distro,0.45,0.8958731889724731,0.9828261137008667,0.9286373853683472,0.9691623449325562,0.9597675800323486,0.8958731889724731,0.9730966091156006
4,20,6,0.4,normal_distro,0.45,0.9199433326721191,0.9841794967651367,0.9396786093711853,0.9199433326721191,0.9541178345680237,0.9215517044067383,0.9905064105987549
4,20,6,0.4,noiseless_ideal,0.9,0.9864649176597595,0.9984490871429443,0.9905742406845093,0.9889426827430725,0.9864649176597595,0.987431526184082,0.9930998086929321
4,20,6,0.4,uniform_distro,0.9,0.8972028493881226,0.9382193088531494,0.9894057512283325,0.8972028493881226,0.9410679340362549,0.9446690082550049,0.9730657339096069
4,20,6,0.4,normal_distro,0.9,0.8923506736755371,0.9858697652816772,0.8923506736755371,0.9411009550094604,0.9950399398803711,0.9826148152351379,0.9928158521652222
4,20,6,0.4,noiseless_ideal,1.8,0.9378396272659302,0.9858728647232056,0.9796200394630432,0.9860564470291138,0.9378396272659302,0.9572639465332031,0.9951139092445374
4,20,6,0.4,uniform_distro,1.8,0.8703958988189697,0.9850456714630127,0.9396085739135742,0.8703958988189697,0.9349909424781799,0.9226620197296143,0.9365885257720947
4,20,6,0.4,normal_distro,1.8,0.904039204120636,0.9766613245010376,0.9278424382209778,0.904039204120636,0.9662287831306458,0.9372655153274536,0.9381682872772217
4,20,6,0.8,noiseless_ideal,0.45,0.9748029708862305,0.9986949563026428,0.9748029708862305,0.9870737791061401,0.9925869107246399,0.9943421483039856,0.99181067943573
4,20,6,0.8,uniform_distro,0.45,0.8656932711601257,0.9839893579483032,0.880849301815033,0.9517292976379395,0.8656932711601257,0.9772285223007202,0.961232602596283
4,20,6,0.8,normal_distro,0.45,0.926967203617096,0.9875240325927734,0.9876919388771057,0.9270738363265991,0.9496870040893555,0.926967203617096,0.9912127256393433
4,20,6,0.8,noiseless_ideal,0.9,0.9456576108932495,0.9880849123001099,0.9969476461410522,0.9829172492027283,0.9868477582931519,0.9456576108932495,0.9907950758934021
4,20,6,0.8,uniform_distro,0.9,0.8217726945877075,0.9125502109527588,0.9255976676940918,0.9943914413452148,0.9034531116485596,0.8217726945877075,0.9860491752624512
4,20,6,0.8,normal_distro,0.9,0.8120452761650085,0.9931520223617554,0.8120452761650085,0.9354619383811951,0.9752455353736877,0.9473879337310791,0.9716593027114868
4,20,6,0.8,noiseless_ideal,1.8,0.941431999206543,0.9772524237632751,0.941431999206543,0.9623934030532837,0.9609426856040955,0.9646596908569336,0.9657639861106873
4,20,6,0.8,uniform_distro,1.8,0.6911526918411255,0.9810655117034912,0.6911526918411255,0.9259629249572754,0.9482862949371338,0.9672247171401978,0.93406081199646
4,20,6,0.8,normal_distro,1.8,0.890383780002594,0.9897993803024292,0.9597796201705933,0.920170783996582,0.9616457223892212,0.890383780002594,0.9915866255760193
4,20,13,0.2,noiseless_ideal,0.45,0.9847506284713745,0.9847506284713745,0.9897081851959229,0.9908148050308228,0.9928081035614014,0.9946059584617615,0.9963048100471497
4,20,13,0.2,uniform_distro,0.45,0.9009023904800415,0.9529346227645874,0.9627296924591064,0.9356136322021484,0.9630042910575867,0.9009023904800415,0.9664090275764465
4,20,13,0.2,normal_distro,0.45,0.7703235149383545,0.9943917989730835,0.9344212412834167,0.7703235149383545,0.9781097769737244,0.9669520258903503,0.996746301651001
4,20,13,0.2,noiseless_ideal,0.9,0.9793787002563477,0.9793787002563477,0.9850342869758606,0.9968681335449219,0.9881386756896973,0.9958341717720032,0.9914419054985046
4,20,13,0.2,uniform_distro,0.9,0.860316276550293,0.9735771417617798,0.9644804000854492,0.9923858046531677,0.9573312401771545,0.860316276550293,0.9735357165336609
4,20,13,0.2,normal_distro,0.9,0.8723514676094055,0.9858741164207458,0.8723514676094055,0.9298037886619568,0.9262797832489014,0.9387844800949097,0.9811434745788574
4,20,13,0.2,noiseless_ideal,1.8,0.9795252084732056,0.9896488189697266,0.9795252084732056,0.9943842887878418,0.9899474382400513,0.9939265251159668,0.998323917388916
4,20,13,0.2,uniform_distro,1.8,0.8851395845413208,0.9820493459701538,0.9413524270057678,0.9616090655326843,0.8851395845413208,0.9500554800033569,0.9721954464912415
4,20,13,0.2,normal_distro,1.8,0.8039979934692383,0.9928010702133179,0.8039979934692383,0.9924664497375488,0.9605616927146912,0.9460142254829407,0.9899543523788452
4,20,13,0.4,noiseless_ideal,0.45,0.9950082302093506,0.9974337816238403,0.998522162437439,0.997337818145752,0.9950082302093506,0.9965035915374756,0.9979320764541626
4,20,13,0.4,uniform_distro,0.45,0.9548711180686951,0.9968570470809937,0.9948363304138184,0.9793797135353088,0.9762243032455444,0.9767395257949829,0.9548711180686951
4,20,13,0.4,normal_distro,0.45,0.9184628129005432,0.9859225153923035,0.9778194427490234,0.9184628129005432,0.9651463031768799,0.9757038354873657,0.9905016422271729
4,20,13,0.4,noiseless_ideal,0.9,0.9826764464378357,0.9940978288650513,0.9934130907058716,0.9963232278823853,0.9890623092651367,0.9826764464378357,0.9941014647483826
4,20,13,0.4,uniform_distro,0.9,0.9451699256896973,0.9856487512588501,0.9784648418426514,0.9451699256896973,0.9752582311630249,0.9661379456520081,0.9910361766815186
4,20,13,0.4,normal_distro,0.9,0.9656846523284912,0.990576982498169,0.9844419956207275,0.9923536777496338,0.9656846523284912,0.9809257984161377,0.9916900396347046
4,20,13,0.4,noiseless_ideal,1.8,0.9575485587120056,0.98451167345047,0.9657802581787109,0.9940791130065918,0.9575485587120056,0.9937360286712646,0.9943486452102661
4,20,13,0.4,uniform_distro,1.8,0.9128672480583191,0.9853670597076416,0.9883789420127869,0.9128672480583191,0.9310429096221924,0.9627019762992859,0.9883230328559875
4,20,13,0.4,normal_distro,1.8,0.8874269127845764,0.9656723141670227,0.9229331016540527,0.9822269082069397,0.8874269127845764,0.9626868367195129,0.97889244556427
4,20,13,0.8,noiseless_ideal,0.45,0.9954363107681274,0.999110758304596,0.9964462518692017,0.9988219738006592,0.9969617128372192,0.9954363107681274,0.9973664283752441
4,20,13,0.8,uniform_distro,0.45,0.9267686009407043,0.9849600195884705,0.9862450361251831,0.9267686009407043,0.9794235825538635,0.9606168270111084,0.9968847036361694
4,20,13,0.8,normal_distro,0.45,0.9850213527679443,0.9938891530036926,0.9989650249481201,0.9954782128334045,0.9850213527679443,0.9929537177085876,0.9977167844772339
4,20,13,0.8,noiseless_ideal,0.9,0.9758775234222412,0.9867599010467529,0.9942656755447388,0.997140645980835,0.9758775234222412,0.9972567558288574,0.9876735210418701
4,20,13,0.8,uniform_distro,0.9,0.8983559608459473,0.997215986251831,0.928313136100769,0.8983559608459473,0.9290658235549927,0.9889031648635864,0.9662671089172363
4,20,13,0.8,normal_distro,0.9,0.9632285833358765,0.9805248975753784,0.9863637685775757,0.9632285833358765,0.9737063050270081,0.9945937991142273,0.9967925548553467
4,20,13,0.8,noiseless_ideal,1.8,0.9506409168243408,0.9765759706497192,0.9951754808425903,0.9962431788444519,0.9674364924430847,0.9506409168243408,0.9647107720375061
4,20,13,0.8,uniform_distro,1.8,0.9655115604400635,0.9866416454315186,0.9655115604400635,0.9745276570320129,0.9765396118164062,0.9819849729537964,0.9849300980567932
4,20,13,0.8,normal_distro,1.8,0.9216912984848022,0.9216912984848022,0.9909547567367554,0.9621202349662781,0.9645955562591553,0.9217156767845154,0.9284460544586182
4,20,25,0.2,noiseless_ideal,0.45,0.9902828335762024,0.99676513671875,0.9990012645721436,0.9950991868972778,0.9902828335762024,0.9952505230903625,0.9984357953071594
4,20,25,0.2,uniform_distro,0.45,0.9256529808044434,0.9672104716300964,0.9256529808044434,0.9650623798370361,0.9880733489990234,0.9655671119689941,0.9794461727142334
4,20,25,0.2,normal_distro,0.45,0.9542784690856934,0.9960309267044067,0.9690607786178589,0.9612908363342285,0.9542784690856934,0.9948337078094482,0.9890473484992981
4,20,25,0.2,noiseless_ideal,0.9,0.9807732105255127,0.9970676302909851,0.9956914186477661,0.9807732105255127,0.9943000674247742,0.9983303546905518,0.9984956979751587
4,20,25,0.2,uniform_distro,0.9,0.9497247934341431,0.9831764101982117,0.9767194986343384,0.9497247934341431,0.9630534648895264,0.9586517810821533,0.9667189121246338
4,20,25,0.2,normal_distro,0.9,0.9575886130332947,0.9972862005233765,0.9704906940460205,0.9575886130332947,0.9935386180877686,0.9945374131202698,0.9960917234420776
4,20,25,0.2,noiseless_ideal,1.8,0.9874734878540039,0.9930803775787354,0.9907443523406982,0.9913610219955444,0.993708074092865,0.9988589882850647,0.9874734878540039
4,20,25,0.2,uniform_distro,1.8,0.932257890701294,0.9911259412765503,0.932257890701294,0.937437117099762,0.9623178839683533,0.955185055732727,0.9960620403289795
4,20,25,0.2,normal_distro,1.8,0.9416617155075073,0.9906865358352661,0.9416617155075073,0.9632358551025391,0.9794058799743652,0.9571022391319275,0.9905174970626831
4,20,25,0.4,noiseless_ideal,0.45,0.9968488216400146,0.9992358684539795,0.9995121955871582,0.9971514344215393,0.998710572719574,0.9982455372810364,0.9968488216400146
4,20,25,0.4,uniform_distro,0.45,0.9497352838516235,0.9497352838516235,0.9636875987052917,0.9857843518257141,0.9750670790672302,0.9841752052307129,0.9877623915672302
4,20,25,0.4,normal_distro,0.45,0.9670578241348267,0.9969780445098877,0.9803308248519897,0.9670578241348267,0.9888334274291992,0.9814300537109375,0.9971706867218018
4,20,25,0.4,noiseless_ideal,0.9,0.9886192679405212,0.995036244392395,0.9976351261138916,0.9886192679405212,0.9990376830101013,0.9983991980552673,0.9970567226409912
4,20,25,0.4,uniform_distro,0.9,0.9668530821800232,0.9889953136444092,0.9668530821800232,0.9935594797134399,0.981136679649353,0.9746756553649902,0.9795904755592346
4,20,25,0.4,normal_distro,0.9,0.9556671977043152,0.9817960262298584,0.9556671977043152,0.9607856869697571,0.9875495433807373,0.9806396961212158,0.9956245422363281
4,20,25,0.4,noiseless_ideal,1.8,0.9803686141967773,0.9803686141967773,0.995407223701477,0.9946200847625732,0.9956076741218567,0.990538477897644,0.9838547110557556
4,20,25,0.4,uniform_distro,1.8,0.9355225563049316,0.9811751842498779,0.9872010946273804,0.94251549243927,0.9903712272644043,0.9355225563049316,0.9926633238792419
4,20,25,0.4,normal_distro,1.8,0.9288564324378967,0.9800078868865967,0.9943759441375732,0.968181848526001,0.9288564324378967,0.9913100600242615,0.9521535634994507
4,20,25,0.8,noiseless_ideal,0.45,0.9990659356117249,0.9992967844009399,0.9990659356117249,0.9992679357528687,0.9993636608123779,0.9991366267204285,0.9991442561149597
4,20,25,0.8,uniform_distro,0.45,0.9631258249282837,0.9631258249282837,0.9952112436294556,0.9911776185035706,0.9936410784721375,0.965327262878418,0.9905632138252258
4,20,25,0.8,normal_distro,0.45,0.9898266196250916,0.9991790056228638,0.9898266196250916,0.9900635480880737,0.9962772727012634,0.9929230809211731,0.998882532119751
4,20,25,0.8,noiseless_ideal,0.9,0.9860299825668335,0.9988289475440979,0.9987626671791077,0.9860299825668335,0.9961393475532532,0.996578574180603,0.9885914325714111
4,20,25,0.8,uniform_distro,0.9,0.9762864708900452,0.996027946472168,0.9826151132583618,0.9762864708900452,0.9867295026779175,0.9918316602706909,0.9877802133560181
4,20,25,0.8,normal_distro,0.9,0.9367514252662659,0.9922087788581848,0.9751549959182739,0.9367514252662659,0.9719588160514832,0.9743906855583191,0.9953043460845947
4,20,25,0.8,noiseless_ideal,1.8,0.9813836812973022,0.995690107345581,0.992254912853241,0.984203040599823,0.9932237863540649,0.9813836812973022,0.9938275814056396
4,20,25,0.8,uniform_distro,1.8,0.9671972990036011,0.9810168743133545,0.9957563877105713,0.9954051971435547,0.979255735874176,0.9868619441986084,0.9671972990036011
4,20,25,0.8,normal_distro,1.8,0.9543043971061707,0.9757633805274963,0.971304178237915,0.9928336143493652,0.9543043971061707,0.9816514253616333,0.9742873311042786
4,40,6,0.2,noiseless_ideal,0.45,0.9836146831512451,0.9853048324584961,0.9907469749450684,0.9982699155807495,0.9917586445808411,0.9836146831512451,0.9929662942886353
4,40,6,0.2,uniform_distro,0.45,0.8941215872764587,0.9869630932807922,0.8941215872764587,0.9170657992362976,0.9533637166023254,0.9696442484855652,0.997096836566925
4,40,6,0.2,normal_distro,0.45,0.7504167556762695,0.9940729737281799,0.8844599723815918,0.7504167556762695,0.7684531211853027,0.9575507640838623,0.9902486801147461
4,40,6,0.2,noiseless_ideal,0.9,0.9819238185882568,0.9887794852256775,0.9944239854812622,0.9989811182022095,0.9819238185882568,0.9832769632339478,0.9855422973632812
4,40,6,0.2,uniform_distro,0.9,0.9242552518844604,0.9952903389930725,0.9808962941169739,0.9242552518844604,0.9936999082565308,0.956326425075531,0.9719290733337402
4,40,6,0.2,normal_distro,0.9,0.806264340877533,0.9925827383995056,0.806264340877533,0.8644534945487976,0.978839099407196,0.8070642352104187,0.9920884370803833
4,40,6,0.2,noiseless_ideal,1.8,0.9522206783294678,0.9942470192909241,0.9658797383308411,0.9898772835731506,0.9631128907203674,0.9950643181800842,0.9522206783294678
4,40,6,0.2,uniform_distro,1.8,0.9055907726287842,0.9394243955612183,0.9055907726287842,0.9540185928344727,0.9089493155479431,0.9601072072982788,0.9846330881118774
4,40,6,0.2,normal_distro,1.8,0.8154228329658508,0.9801841974258423,0.9336403608322144,0.8154228329658508,0.9306657314300537,0.982200026512146,0.9900288581848145
4,40,6,0.4,noiseless_ideal,0.45,0.990036129951477,0.9991040229797363,0.9980669617652893,0.9953197836875916,0.9927423000335693,0.9934659004211426,0.990036129951477
4,40,6,0.4,uniform_distro,0.45,0.9028795957565308,0.9819257259368896,0.9879089593887329,0.9028795957565308,0.9749025106430054,0.99234938621521,0.9552851915359497
4,40,6,0.4,normal_distro,0.45,0.8624598383903503,0.9940564632415771,0.9878700971603394,0.9657530784606934,0.8624598383903503,0.9477705955505371,0.9937034249305725
4,40,6,0.4,noiseless_ideal,0.9,0.9782818555831909,0.9782818555831909,0.9941489696502686,0.9830722212791443,0.9975340366363525,0.9987469911575317,0.9950478076934814
4,40,6,0.4,uniform_distro,0.9,0.9475775957107544,0.986261785030365,0.9776153564453125,0.9846429228782654,0.9806091785430908,0.9475775957107544,0.9812949895858765
4,40,6,0.4,normal_distro,0.9,0.9540679454803467,0.976438581943512,0.9540679454803467,0.9866865873336792,0.9964470863342285,0.9901600480079651,0.9682061076164246
4,40,6,0.4,noiseless_ideal,1.8,0.9736998081207275,0.9950799942016602,0.9975931644439697,0.9945690035820007,0.9736998081207275,0.9868000745773315,0.9971863031387329
4,40,6,0.4,uniform_distro,1.8,0.8513739109039307,0.9837609529495239,0.9961374998092651,0.8513739109039307,0.9640937447547913,0.981285572052002,0.9231148362159729
4,40,6,0.4,normal_distro,1.8,0.9279194474220276,0.9954491853713989,0.9473599195480347,0.9899722337722778,0.9279194474220276,0.9777504801750183,0.9891974925994873
4,40,6,0.8,noiseless_ideal,0.45,0.9895580410957336,0.9895580410957336,0.9978153705596924,0.9984164237976074,0.9962736368179321,0.9967430233955383,0.9965581893920898
4,40,6,0.8,uniform_distro,0.45,0.9311087131500244,0.9904500246047974,0.9434068202972412,0.9418387413024902,0.9311087131500244,0.9396454095840454,0.9618965983390808
4,40,6,0.8,normal_distro,0.45,0.9661543369293213,0.9901106357574463,0.9920424222946167,0.9951759576797485,0.9661543369293213,0.9792371988296509,0.9981865286827087
4,40,6,0.8,noiseless_ideal,0.9,0.9809361696243286,0.996030330657959,0.9978862404823303,0.9895650148391724,0.9809361696243286,0.9940674901008606,0.9834740161895752
4,40,6,0.8,uniform_distro,0.9,0.9400759339332581,0.9577227830886841,0.9864469766616821,0.9867146611213684,0.9400759339332581,0.9828289151191711,0.9735580086708069
4,40,6,0.8,normal_distro,0.9,0.9138540625572205,0.9921761751174927,0.9979975819587708,0.9138540625572205,0.9868128299713135,0.9524978399276733,0.9684545993804932
4,40,6,0.8,noiseless_ideal,1.8,0.9640198945999146,0.9936072826385498,0.986465334892273,0.9677658081054688,0.9640198945999146,0.9947066903114319,0.9949380159378052
4,40,6,0.8,uniform_distro,1.8,0.8375688791275024,0.9972147345542908,0.8375688791275024,0.9708176851272583,0.9869016408920288,0.9590741395950317,0.9527398943901062
4,40,6,0.8,normal_distro,1.8,0.8467316031455994,0.990962564945221,0.9761664867401123,0.9558460712432861,0.8467316031455994,0.9509100317955017,0.9909151196479797
4,40,13,0.2,noiseless_ideal,0.45,0.9954640865325928,0.996658205986023,0.9973113536834717,0.997931718826294,0.9954640865325928,0.9969844222068787,0.9980907440185547
4,40,13,0.2,uniform_distro,0.45,0.961829423904419,0.961829423904419,0.9814809560775757,0.9793887138366699,0.9893549680709839,0.9898360967636108,0.9833076596260071
4,40,13,0.2,normal_distro,0.45,0.9666589498519897,0.9914911389350891,0.9666589498519897,0.993118166923523,0.9777119159698486,0.9799880981445312,0.9944910407066345
4,40,13,0.2,noiseless_ideal,0.9,0.9913625717163086,0.9966526627540588,0.9913625717163086,0.9986221194267273,0.9915367960929871,0.997376561164856,0.9978646039962769
4,40,13,0.2,uniform_distro,0.9,0.9349198341369629,0.9831319451332092,0.9616299271583557,0.9842461943626404,0.9349198341369629,0.9939480423927307,0.9761322736740112
4,40,13,0.2,normal_distro,0.9,0.9307105541229248,0.9974815249443054,0.9899699687957764,0.9797387719154358,0.9515044093132019,0.9307105541229248,0.9925467371940613
4,40,13,0.2,noiseless_ideal,1.8,0.9870865345001221,0.9914236068725586,0.9940928816795349,0.9875737428665161,0.990686297416687,0.9870865345001221,0.9871665239334106
4,40,13,0.2,uniform_distro,1.8,0.9656309485435486,0.9819892644882202,0.9682141542434692,0.9936470985412598,0.978967547416687,0.9661791324615479,0.9656309485435486
4,40,13,0.2,normal_distro,1.8,0.9437429308891296,0.9652467966079712,0.9576733708381653,0.9767845273017883,0.9437429308891296,0.9660471677780151,0.9973293542861938
4,40,13,0.4,noiseless_ideal,0.45,0.9932019114494324,0.9986690878868103,0.9941749572753906,0.9972327351570129,0.9932019114494324,0.9988996386528015,0.9980983138084412
4,40,13,0.4,uniform_distro,0.45,0.9798564314842224,0.9941244125366211,0.983036458492279,0.9947147369384766,0.9798564314842224,0.9935084581375122,0.9931423664093018
4,40,13,0.4,normal_distro,0.45,0.94364333152771,0.9986027479171753,0.94364333152771,0.9947152137756348,0.9883530139923096,0.9467718005180359,0.9925225973129272
4,40,13,0.4,noiseless_ideal,0.9,0.9900492429733276,0.9900492429733276,0.9977425932884216,0.9964734315872192,0.9981361627578735,0.9966365694999695,0.996839165687561
4,40,13,0.4,uniform_distro,0.9,0.9743104577064514,0.9965349435806274,0.9795424342155457,0.9833232164382935,0.9841501116752625,0.9747358560562134,0.9743104577064514
4,40,13,0.4,normal_distro,0.9,0.9633731842041016,0.9877843856811523,0.9671795964241028,0.9884281158447266,0.9633731842041016,0.9971632361412048,0.9877555966377258
4,40,13,0.4,noiseless_ideal,1.8,0.9699739813804626,0.9990887641906738,0.9840565919876099,0.9834564924240112,0.9699739813804626,0.9908912181854248,0.9841036796569824
4,40,13,0.4,uniform_distro,1.8,0.8937486410140991,0.9948925375938416,0.9463696479797363,0.8937486410140991,0.9949364066123962,0.961712658405304,0.9680323600769043
4,40,13,0.4,normal_distro,1.8,0.9587301015853882,0.9920674562454224,0.9866305589675903,0.9587301015853882,0.9866420030593872,0.9850195050239563,0.9883464574813843
4,40,13,0.8,noiseless_ideal,0.45,0.9931588172912598,0.9992865920066833,0.9991399049758911,0.9989825487136841,0.9981861710548401,0.9980013966560364,0.9931588172912598
4,40,13,0.8,uniform_distro,0.45,0.9650459289550781,0.9861151576042175,0.9650459289550781,0.9884517192840576,0.9856184124946594,0.9910294413566589,0.9981168508529663
4,40,13,0.8,normal_distro,0.45,0.9512662887573242,0.9992009401321411,0.9733361005783081,0.9931098222732544,0.9971929788589478,0.9512662887573242,0.9992555379867554
4,40,13,0.8,noiseless_ideal,0.9,0.9801950454711914,0.998674750328064,0.9886851906776428,0.9949594736099243,0.9801950454711914,0.9964345097541809,0.9986194968223572
4,40,13,0.8,uniform_distro,0.9,0.9440658092498779,0.9956382513046265,0.9494613409042358,0.97156822681427,0.9662425518035889,0.9440658092498779,0.9796145558357239
4,40,13,0.8,normal_distro,0.9,0.9777190089225769,0.9987905025482178,0.9838322401046753,0.9777190089225769,0.9926571249961853,0.994819700717926,0.9992266893386841
4,40,13,0.8,noiseless_ideal,1.8,0.9672466516494751,0.9913597106933594,0.9672466516494751,0.9812051057815552,0.9963009357452393,0.993017852306366,0.9892787933349609
4,40,13,0.8,uniform_distro,1.8,0.944250762462616,0.9985085129737854,0.9937474131584167,0.944250762462616,0.9681364297866821,0.9982043504714966,0.9732197523117065
4,40,13,0.8,normal_distro,1.8,0.9572157263755798,0.9882383942604065,0.9938716888427734,0.9572157263755798,0.9572170972824097,0.9810979962348938,0.993569016456604
4,40,25,0.2,noiseless_ideal,0.45,0.9955407381057739,0.9990760087966919,0.9984403848648071,0.9956910014152527,0.9982313513755798,0.9955407381057739,0.9978129863739014
4,40,25,0.2,uniform_distro,0.45,0.948678195476532,0.9907354116439819,0.9731471538543701,0.9595798850059509,0.948678195476532,0.9969948530197144,0.9748497605323792
4,40,25,0.2,normal_distro,0.45,0.9575137495994568,0.9940725564956665,0.9878625869750977,0.9859901666641235,0.9575137495994568,0.9729776382446289,0.9986897706985474
4,40,25,0.2,noiseless_ideal,0.9,0.9928152561187744,0.9989632368087769,0.9978199601173401,0.9928152561187744,0.9951995015144348,0.999076247215271,0.9973118305206299
4,40,25,0.2,uniform_distro,0.9,0.958317756652832,0.9910072684288025,0.958317756652832,0.9892100095748901,0.9868710041046143,0.9951719045639038,0.9789363145828247
4,40,25,0.2,normal_distro,0.9,0.9724044799804688,0.9959368705749512,0.9725193977355957,0.9891414642333984,0.985905647277832,0.9724044799804688,0.9942610263824463
4,40,25,0.2,noiseless_ideal,1.8,0.9907838106155396,0.9954124689102173,0.9907838106155396,0.994655966758728,0.9976246356964111,0.9968124628067017,0.9926313161849976
4,40,25,0.2,uniform_distro,1.8,0.9371558427810669,0.9961429238319397,0.9814238548278809,0.9371558427810669,0.9967777729034424,0.9867916703224182,0.9947612881660461
4,40,25,0.2,normal_distro,1.8,0.9647631049156189,0.9946054220199585,0.9823184013366699,0.9791195392608643,0.9889401793479919,0.9647631049156189,0.9918074607849121
4,40,25,0.4,noiseless_ideal,0.45,0.9976580142974854,0.9993907809257507,0.9983923435211182,0.9976580142974854,0.9991369843482971,0.9983878135681152,0.9989725351333618
4,40,25,0.4,uniform_distro,0.45,0.9845929145812988,0.9852160215377808,0.9845929145812988,0.9978638887405396,0.9913331866264343,0.9978506565093994,0.986464262008667
4,40,25,0.4,normal_distro,0.45,0.9899709224700928,0.9965676069259644,0.9921554327011108,0.9899709224700928,0.9955272674560547,0.9964760541915894,0.996349036693573
4,40,25,0.4,noiseless_ideal,0.9,0.9957512021064758,0.9979087114334106,0.995817244052887,0.9957512021064758,0.9981973171234131,0.9967479705810547,0.9977248311042786
4,40,25,0.4,uniform_distro,0.9,0.9763350486755371,0.9907646775245667,0.9943146705627441,0.9928069710731506,0.9763350486755371,0.982666552066803,0.9976450204849243
4,40,25,0.4,normal_distro,0.9,0.9535778164863586,0.9959884881973267,0.9535778164863586,0.9763903617858887,0.9706390500068665,0.984801173210144,0.9910187125205994
4,40,25,0.4,noiseless_ideal,1.8,0.9784071445465088,0.9904476404190063,0.9838481545448303,0.99565190076828,0.9784071445465088,0.998207151889801,0.9985413551330566
4,40,25,0.4,uniform_distro,1.8,0.9536815285682678,0.993201732635498,0.9870156049728394,0.9536815285682678,0.9760398864746094,0.9834833741188049,0.992255687713623
4,40,25,0.4,normal_distro,1.8,0.9613639116287231,0.9922916889190674,0.9613639116287231,0.9723918437957764,0.9925121068954468,0.9716123938560486,0.9943815469741821
4,40,25,0.8,noiseless_ideal,0.45,0.9986931085586548,0.9989802837371826,0.99936842918396,0.9991488456726074,0.9992932677268982,0.9986931085586548,0.9990787506103516
4,40,25,0.8,uniform_distro,0.45,0.9790717959403992,0.9790717959403992,0.9840911626815796,0.9839178323745728,0.9940301179885864,0.9859178066253662,0.9956671595573425
4,40,25,0.8,normal_distro,0.45,0.9919383525848389,0.9988993406295776,0.9943773150444031,0.9919383525848389,0.9971072673797607,0.9980723857879639,0.9983123540878296
4,40,25,0.8,noiseless_ideal,0.9,0.9940820932388306,0.997674822807312,0.9961761236190796,0.9940820932388306,0.9958904385566711,0.9986021518707275,0.9978108406066895
4,40,25,0.8,uniform_distro,0.9,0.9887703657150269,0.9887703657150269,0.9945108294487,0.9939173460006714,0.9945012331008911,0.9956295490264893,0.9896891117095947
4,40,25,0.8,normal_distro,0.9,0.9644713997840881,0.9986362457275391,0.9644713997840881,0.9922913908958435,0.9875651597976685,0.9695733189582825,0.9971342086791992
4,40,25,0.8,noiseless_ideal,1.8,0.980712890625,0.9984169006347656,0.980712890625,0.9954723119735718,0.981797456741333,0.9963552355766296,0.9896037578582764
4,40,25,0.8,uniform_distro,1.8,0.9681088924407959,0.9791865944862366,0.9959685802459717,0.9844489097595215,0.9681088924407959,0.9891582131385803,0.9927586913108826
4,40,25,0.8,normal_distro,1.8,0.9674162864685059,0.9884064197540283,0.9753443002700806,0.995354950428009,0.9773262143135071,0.9674162864685059,0.9807251691818237
